"","Suburb","Address","Rooms","Type","Price","Method","SellerG","Date","Distance","Postcode","Bedroom2","Bathroom","Car","Landsize","BuildingArea","YearBuilt","CouncilArea","Lattitude","Longtitude","Regionname","Propertycount"
"74","Footscray","8 McCubbin St",3,"h",910000,"S","Village","6/08/2016",6.4,3011,3,1,1,361,118,1940,"Maribyrnong",-37.7913,144.8879,"Western Metropolitan",7570
"81","Footscray","95 Gordon St",3,"h",780000,"S","Jas","14/05/2016",6.4,3011,3,1,2,323,129,1900,"Maribyrnong",-37.7935,144.8893,"Western Metropolitan",7570
"159","Maribyrnong","329 Gordon St",4,"h",770000,"SP","Jas","26/07/2016",8.7,3032,4,2,2,215,231,2000,"Maribyrnong",-37.7817,144.8916,"Western Metropolitan",4918
"99","Footscray","12 Tait St",4,"h",815000,"PI","Biggin","28/05/2016",6.4,3011,4,2,1,369,151,1910,"Maribyrnong",-37.7914,144.8957,"Western Metropolitan",7570
"77","Footscray","3 Park St",4,"h",775000,"S","Sweeney","8/10/2016",6.4,3011,2,1,2,277,87,1890,"Maribyrnong",-37.7901,144.8883,"Western Metropolitan",7570
"229","Newport","87 Schutt St",3,"h",9e+05,"SP","Greg","30/07/2016",8.4,3015,3,2,2,360,168,2013,"Hobsons Bay",-37.835,144.8814,"Western Metropolitan",5498
"110","Heidelberg West","29 Morotai Pde",4,"h",758000,"S","Miles","17/09/2016",9.4,3081,4,1,1,632,152,1955,"Banyule",-37.7466,145.0428,"Eastern Metropolitan",2674
"244","Seddon","22 Alfred St",3,"h",1080000,"VB","Village","18/03/2017",6.6,3011,3,1,0,234,111,1900,"Maribyrnong",-37.8051,144.8858,"Western Metropolitan",2417
"94","Footscray","65 Hyde St",3,"h",740000,"SP","Jas","25/02/2017",6.4,3011,3,1,1,211,94,1910,"Maribyrnong",-37.8059,144.901,"Western Metropolitan",7570
"368","West Footscray","86 Ashley St",4,"h",850000,"S","Sweeney","4/06/2016",8.2,3012,4,2,2,497,179,1980,"Maribyrnong",-37.7903,144.8639,"Western Metropolitan",5058
"262","Spotswood","4 Steel St",3,"h",690000,"S","Biggin","27/06/2016",7.7,3015,4,1,2,532,518,1965,"Hobsons Bay",-37.8248,144.8717,"Western Metropolitan",1223
"296","Yarraville","7/87 Gamon St",3,"h",770000,"VB","Jas","3/12/2016",7,3013,3,1,2,323,139,1960,"Maribyrnong",-37.8108,144.8899,"Western Metropolitan",6543
"141","Maidstone","45 Radio St",3,"h",695000,"S","Burnham","15/10/2016",9.2,3012,3,1,2,214,146,2007,"Maribyrnong",-37.7798,144.8661,"Western Metropolitan",3873
"196","Newport","4/31 Clyde St",3,"h",655800,"S","Greg","6/08/2016",8.4,3015,2,2,1,178,102,2009,"Hobsons Bay",-37.8416,144.8651,"Western Metropolitan",5498
"9","Ascot Vale","63 Kent St",2,"h",751000,"PI","Nelson","7/05/2016",5.9,3032,2,1,1,118,79,1890,"Moonee Valley",-37.7807,144.9288,"Western Metropolitan",6567
"144","Maidstone","171 Mitchell St",4,"h",675000,"S","Sweeney","28/05/2016",9.2,3012,4,1,1,595,80,1950,"Maribyrnong",-37.7817,144.868,"Western Metropolitan",3873
"507","Moonee Ponds","39 Taylor St",3,"h",1225000,"VB","Jellis","12/08/2017",6.2,3039,3,2,2,674,141,1920,"Moonee Valley",-37.76389,144.9185,"Western Metropolitan",6232
"458","Ivanhoe","1/12 Thoresby Gr",3,"h",1300000,"PI","Nelson","3/06/2017",7.8,3079,3,2,2,334,128,2005,"Banyule",-37.76538,145.04964,"Eastern Metropolitan",5549
"11","Ascot Vale","41 Monash St",3,"h",1230000,"S","Nelson","8/10/2016",5.9,3032,4,1,2,594,148,1960,"Moonee Valley",-37.7819,144.9064,"Western Metropolitan",6567
"363","Kingsville","57 Wales St",3,"h",925000,"SP","Village","24/09/2016",7.8,3012,3,1,1,275,100,1920,"Maribyrnong",-37.8085,144.8802,"Western Metropolitan",1808
"295","Yarraville","83 Tarrengower St",3,"h",1165000,"S","Village","3/09/2016",7,3013,3,1,0,191,105,1910,"Maribyrnong",-37.8175,144.8879,"Western Metropolitan",6543
"214","Newport","106 Johnston St",4,"h",1265000,"S","RT","18/06/2016",8.4,3015,5,2,2,774,185,1950,"Hobsons Bay",-37.8366,144.8758,"Western Metropolitan",5498
"124","Ivanhoe","19 Myrtle St",4,"h",1470000,"VB","Miles","15/10/2016",7.9,3079,4,2,1,694,217,1950,"Banyule",-37.7565,145.0506,"Eastern Metropolitan",5549
"45","Essendon","242 Buckley St",3,"h",1100000,"VB","Nelson","4/06/2016",8,3040,3,2,1,789,257,1890,"Moonee Valley",-37.7558,144.9073,"Western Metropolitan",9264
"406","Kingsville","100 Coronation St",4,"h",1205000,"S","hockingstuart","20/05/2017",7.8,3012,4,1,1,318,145,1960,"Maribyrnong",-37.8105,144.8803,"Western Metropolitan",1808
"182","Moonee Ponds","4 Lennox St",3,"h",840000,"VB","Nelson","15/10/2016",6.9,3039,3,1,0,307,136,1910,"Moonee Valley",-37.7704,144.9083,"Western Metropolitan",6232
"158","Maribyrnong","9 Lyric St",4,"h",1117000,"S","Sweeney","25/02/2017",8.7,3032,4,3,2,325,207,2005,"Maribyrnong",-37.7822,144.8922,"Western Metropolitan",4918
"84","Footscray","88 Eleanor St",3,"h",775000,"SP","Sweeney","16/07/2016",6.4,3011,3,1,1,242,99,1920,"Maribyrnong",-37.7956,144.8848,"Western Metropolitan",7570
"173","Moonee Ponds","101 Holmes Rd",4,"h",1120000,"VB","Nelson","8/10/2016",6.9,3039,4,1,1,571,138,1915,"Moonee Valley",-37.7659,144.9116,"Western Metropolitan",6232
"231","Seddon","14 Pole St",3,"h",970000,"S","Jas","3/12/2016",6.6,3011,3,1,0,137,98,1890,"Maribyrnong",-37.8078,144.8972,"Western Metropolitan",2417
"364","Kingsville","22 Coronation St",4,"h",1336000,"S","Jas","26/07/2016",7.8,3012,3,2,1,343,109,1920,"Maribyrnong",-37.8066,144.8811,"Western Metropolitan",1808
"169","Moonee Ponds","14 Scotia St",4,"h",1225000,"SP","Nelson","4/03/2017",6.9,3039,4,1,1,388,120,1920,"Moonee Valley",-37.7692,144.9057,"Western Metropolitan",6232
"420","Seddon","199 Buckley St",2,"h",665000,"PI","Village","13/05/2017",6.6,3011,2,1,0,269,80,1900,"Maribyrnong",-37.8026,144.8882,"Western Metropolitan",2417
"134","Maidstone","21 Pullar St",3,"h",490000,"SP","Jas","4/06/2016",9.2,3012,3,1,2,306,91,1960,"Maribyrnong",-37.7838,144.8724,"Western Metropolitan",3873
"18","Ascot Vale","58 Fenton St",4,"h",1340000,"S","Nelson","14/05/2016",5.9,3032,3,2,2,683,232,1978,"Moonee Valley",-37.775,144.932,"Western Metropolitan",6567
"270","Strathmore","196a Mascoma St",3,"h",850000,"VB","Considine","15/10/2016",9.7,3041,3,3,3,250,207,2016,"Moonee Valley",-37.7189,144.9036,"Western Metropolitan",3284
"344","Bellfield","2/2 Harrison St",3,"h",720000,"SP","McGrath","25/02/2017",9.5,3081,3,2,1,231,145,2012,"Banyule",-37.7527,145.0392,"Eastern Metropolitan",790
"277","Strathmore","9 Marks St",3,"h",1080000,"S","Considine","18/06/2016",9.7,3041,3,2,2,211,46,1980,"Moonee Valley",-37.734,144.9145,"Western Metropolitan",3284
"186","Moonee Ponds","3 Pattison St",2,"h",849000,"S","Brad","19/11/2016",6.9,3039,2,1,1,345,95,1930,"Moonee Valley",-37.773,144.9335,"Western Metropolitan",6232
"391","Ascot Vale","6 Munro St",3,"h",1435000,"S","Nelson","8/04/2017",5.9,3032,3,1,1,450,155,1920,"Moonee Valley",-37.7756,144.9148,"Western Metropolitan",6567
"267","Strathmore","27 Henshall Rd",3,"h",1330000,"S","Considine","10/09/2016",9.7,3041,3,2,1,606,159,1950,"Moonee Valley",-37.7378,144.9168,"Western Metropolitan",3284
"88","Footscray","7 Essex St",2,"h",747000,"S","Sweeney","19/11/2016",6.4,3011,2,1,1,320,94,1900,"Maribyrnong",-37.7964,144.8871,"Western Metropolitan",7570
"524","Altona North","2/16 Stapley Cr",2,"h",510000,"S","Sweeney","22/07/2017",9.4,3025,2,1,1,170,100,2001,"Hobsons Bay",-37.83658,144.86199,"Western Metropolitan",5132
"321","Yarraville","129 Roberts St",5,"h",1137500,"S","hockingstuart","22/05/2016",7,3013,2,3,4,446,244,1950,"Maribyrnong",-37.8146,144.8692,"Western Metropolitan",6543
"52","Essendon","74 Forrester St",4,"h",1275000,"S","Brad","12/11/2016",8,3040,4,2,2,503,160,2008,"Moonee Valley",-37.7513,144.8925,"Western Metropolitan",9264
"168","Moonee Ponds","43 Chaucer St",3,"h",1440000,"S","Nelson","4/03/2017",6.9,3039,3,2,1,287,196,1880,"Moonee Valley",-37.7698,144.9214,"Western Metropolitan",6232
"314","Yarraville","29 Frederick St",4,"h",1200000,"S","Village","16/07/2016",7,3013,4,2,2,417,157,1900,"Maribyrnong",-37.8197,144.8969,"Western Metropolitan",6543
"115","Heidelberg West","111 Ramu Pde",3,"h",722000,"S","Miles","25/02/2017",9.4,3081,3,1,2,593,99,1950,"Banyule",-37.7386,145.0387,"Eastern Metropolitan",2674
"149","Maribyrnong","19 Warrs Rd",3,"h",1105000,"S","Nelson","7/05/2016",8.7,3032,3,1,4,762,142,1950,"Maribyrnong",-37.7707,144.8924,"Western Metropolitan",4918
"519","Moonee Ponds","115 Eglinton St",4,"h",1425000,"S","Jellis","15/07/2017",6.2,3039,4,2,2,388,151,1890,"Moonee Valley",-37.7685,144.91103,"Western Metropolitan",6232
"546","Maribyrnong","6 Adori Pl",3,"h",983000,"S","Biggin","3/09/2017",4.3,3032,3,2,2,359,185,2008,"",-37.78606,144.88459,"Western Metropolitan",4918
"503","Yarraville","62 Stephen St",3,"h",1285000,"SP","Village","8/07/2017",6.3,3013,3,1,1,284,124,1900,"Maribyrnong",-37.81335,144.89471,"Western Metropolitan",6543
"160","Maribyrnong","7 Pridham St",5,"h",1151000,"S","Biggin","27/06/2016",8.7,3032,5,2,5,694,232,1950,"Maribyrnong",-37.7819,144.8901,"Western Metropolitan",4918
"303","Yarraville","13 Simpson St",3,"h",1100000,"VB","Village","4/03/2017",7,3013,3,2,0,214,129,1910,"Maribyrnong",-37.8175,144.8929,"Western Metropolitan",6543
"6","Ascot Vale","10 Fenton St",2,"h",1053000,"S","Nelson","6/08/2016",5.9,3032,2,1,1,269,109,1900,"Moonee Valley",-37.7748,144.929,"Western Metropolitan",6567
"436","Yarraville","455 Geelong Rd",2,"h",650000,"PI","Village","20/05/2017",7,3013,2,1,2,304,81,1960,"Maribyrnong",-37.8122,144.8671,"Western Metropolitan",6543
"478","Newport","112 Johnston St",3,"h",1230000,"S","Williams","24/06/2017",6.2,3015,3,1,1,396,123,1900,"Hobsons Bay",-37.8363,144.87588,"Western Metropolitan",5498
"396","Footscray","75 MacPherson St",2,"h",885000,"S","Jas","8/04/2017",6.4,3011,2,1,0,267,99.5,1890,"Maribyrnong",-37.7961,144.89,"Western Metropolitan",7570
"333","Yarraville","10 Tuppen St",5,"h",1287000,"S","hockingstuart","27/11/2016",7,3013,5,2,2,488,213,1930,"Maribyrnong",-37.8131,144.8778,"Western Metropolitan",6543
"530","Footscray","15 Greer St",4,"h",1e+06,"SA","Nelson","22/07/2017",5.1,3011,4,2,1,180,206,1994,"Maribyrnong",-37.79686,144.908,"Western Metropolitan",7570
"234","Seddon","44 Alexander St",3,"h",1075000,"SP","Jas","8/10/2016",6.6,3011,3,2,1,306,140,1900,"Maribyrnong",-37.8038,144.8896,"Western Metropolitan",2417
"494","Avondale Heights","132 Templewood Cr",3,"h",1107500,"S","Nelson","8/07/2017",9.5,3034,3,3,1,668,190,2014,"Moonee Valley",-37.75962,144.86675,"Western Metropolitan",4502
"580","Ascot Vale","6 MacArthur Av",4,"h",1151000,"S","Bullen","26/08/2017",4.3,3032,4,2,2,290,178,2012,"",-37.77708,144.90914,"Western Metropolitan",6567
"53","Essendon","18 Vanberg Rd",3,"h",1385000,"S","McDonald","12/11/2016",8,3040,3,2,1,619,137,1930,"Moonee Valley",-37.7543,144.9318,"Western Metropolitan",9264
"284","Williamstown","17 Yarra St",3,"h",1470000,"S","Jas","8/10/2016",8,3016,3,2,1,364,93,1970,"Hobsons Bay",-37.8513,144.8961,"Western Metropolitan",6380
"118","Ivanhoe","9 Cook St",3,"h",981000,"S","Nelson","4/06/2016",7.9,3079,5,3,2,626,378,2016,"Banyule",-37.76,145.0326,"Eastern Metropolitan",5549
"50","Essendon","26 Bradshaw St",4,"h",1402000,"S","Nelson","11/02/2017",8,3040,4,2,1,554,193,1940,"Moonee Valley",-37.7508,144.8937,"Western Metropolitan",9264
"577","Yarraville","5 Maryston St",3,"h",1360000,"PI","Jas","23/09/2017",6.3,3013,3,1,1,479,128,1930,"",-37.81279,144.87717,"Western Metropolitan",6543
"481","Ascot Vale","91A Walter St",3,"h",1082000,"S","Nelson","27/05/2017",4.3,3032,3,2,2,254,120,2000,"Moonee Valley",-37.77549,144.90865,"Western Metropolitan",6567
"578","Yarraville","18 Stewart St",3,"h",1455000,"S","Village","23/09/2017",6.3,3013,3,2,2,351,125,1910,"",-37.81111,144.88759,"Western Metropolitan",6543
"48","Essendon","22 Nimmo St",4,"h",1160000,"S","Nelson","10/09/2016",8,3040,4,3,2,256,217,2015,"Moonee Valley",-37.7527,144.8957,"Western Metropolitan",9264
"41","Essendon","16 Kendall St",3,"h",1295000,"PI","Nelson","3/12/2016",8,3040,3,1,3,688,105,1930,"Moonee Valley",-37.7578,144.9317,"Western Metropolitan",9264
"521","Yarraville","12 Montague St",3,"h",1230000,"S","Jas","15/07/2017",6.3,3013,3,1,2,433,144,1880,"Maribyrnong",-37.81183,144.88569,"Western Metropolitan",6543
"529","Footscray","16 Creswick St",3,"h",9e+05,"PI","Sweeney","22/07/2017",5.1,3011,3,1,3,312,106,1880,"Maribyrnong",-37.79334,144.89128,"Western Metropolitan",7570
"538","Williamstown","22 Hotham St",4,"h",1440000,"S","Williams","22/07/2017",6.8,3016,4,2,0,240,170,1900,"Hobsons Bay",-37.85414,144.89561,"Western Metropolitan",6380
"361","Kingsville","12 Williamstown Rd",4,"h",925000,"S","Sweeney","19/11/2016",7.8,3012,4,2,1,276,4,1948,"Maribyrnong",-37.8039,144.8849,"Western Metropolitan",1808
"311","Yarraville","9 Stanger St",3,"h",796000,"S","Greg","14/05/2016",7,3013,3,1,1,464,120,1960,"Maribyrnong",-37.8151,144.8638,"Western Metropolitan",6543
"78","Footscray","211A Ballarat Rd",2,"h",950000,"PI","Burnham","11/02/2017",6.4,3011,2,1,2,657,92,1940,"Maribyrnong",-37.7909,144.8884,"Western Metropolitan",7570
"54","Essendon","211 Napier St",4,"h",1467000,"S","Brad","16/04/2016",8,3040,3,2,1,683,145,1920,"Moonee Valley",-37.7439,144.9195,"Western Metropolitan",9264
"451","Newport","2A Gordon St",2,"h",710000,"S","Williams","1/07/2017",6.2,3015,2,1,2,120,121,2011,"Hobsons Bay",-37.84026,144.86667,"Western Metropolitan",5498
"435","Yarraville","1 Highgate St",4,"h",985500,"S","Jas","13/05/2017",7,3013,4,1,5,445,139,1977,"Maribyrnong",-37.8228,144.8769,"Western Metropolitan",6543
"367","West Footscray","90 Pitt St",4,"h",837000,"S","Sweeney","4/03/2017",8.2,3012,4,2,3,390,149,1950,"Maribyrnong",-37.7926,144.8639,"Western Metropolitan",5058
"120","Ivanhoe","950 Heidelberg Rd",3,"h",1155000,"S","Nelson","7/11/2016",7.9,3079,3,1,2,537,170,1945,"Banyule",-37.7773,145.0379,"Eastern Metropolitan",5549
"437","Yarraville","292 Hyde St",3,"h",750000,"PI","McGrath","20/05/2017",7,3013,3,2,1,390,126,1980,"Maribyrnong",-37.8227,144.8955,"Western Metropolitan",6543
"537","West Footscray","16 Market St",3,"h",850000,"S","Jas","22/07/2017",6.4,3012,3,1,2,269,111,1910,"Maribyrnong",-37.79638,144.87911,"Western Metropolitan",5058
"376","West Footscray","20 Warleigh Rd",3,"h",875000,"SP","Sweeney","15/10/2016",8.2,3012,3,2,3,336,94,1910,"Maribyrnong",-37.7995,144.8794,"Western Metropolitan",5058
"493","Avondale Heights","6 Ridley Av",3,"h",720000,"PI","Harcourts","8/07/2017",9.5,3034,3,1,1,582,110,1965,"Moonee Valley",-37.76063,144.8603,"Western Metropolitan",4502
"299","Yarraville","41 Sussex St",3,"h",770000,"SP","Jas","3/12/2016",7,3013,2,1,1,138,82,1890,"Maribyrnong",-37.82,144.891,"Western Metropolitan",6543
"83","Footscray","2 Buckingham St",3,"h",747000,"S","Jas","16/07/2016",6.4,3011,3,1,1,246,120,1940,"Maribyrnong",-37.8012,144.8924,"Western Metropolitan",7570
"236","Seddon","15 Pentland Pde",4,"h",1201000,"S","Village","10/12/2016",6.6,3011,4,2,1,299,158,1910,"Maribyrnong",-37.8087,144.8952,"Western Metropolitan",2417
"480","Seddon","36 Bayview Rd",3,"h",1085000,"S","Village","24/06/2017",5.1,3011,3,1,1,297,211,1920,"Maribyrnong",-37.80828,144.8856,"Western Metropolitan",2417
"282","Williamstown","98 Osborne St",3,"h",1460000,"S","Greg","7/05/2016",8,3016,3,1,2,373,107,1970,"Hobsons Bay",-37.8661,144.8973,"Western Metropolitan",6380
"125","Ivanhoe","171 Waterdale Rd",3,"h",1486000,"S","Nelson","15/10/2016",7.9,3079,3,1,2,645,158,1930,"Banyule",-37.7634,145.0439,"Eastern Metropolitan",5549
"205","Newport","73 Farm St",3,"h",923000,"S","Village","15/10/2016",8.4,3015,3,1,0,221,118,1900,"Hobsons Bay",-37.8415,144.8852,"Western Metropolitan",5498
"548","Strathmore","187 Mascoma St",3,"h",1280000,"PI","Considine","3/09/2017",8.2,3041,3,3,2,571,302,1960,"",-37.71965,144.90831,"Western Metropolitan",3284
"67","Essendon North","64 Kerferd St",5,"h",1360000,"S","Nelson","18/03/2017",9.4,3041,5,3,2,463,196,1930,"Moonee Valley",-37.7379,144.9022,"Western Metropolitan",1308
"230","Seddon","56 Hamilton St",3,"h",1145000,"S","Burnham","3/09/2016",6.6,3011,3,1,1,350,116,1890,"Maribyrnong",-37.8094,144.8869,"Western Metropolitan",2417
"95","Footscray","62 Moore St",3,"h",980000,"S","GL","26/07/2016",6.4,3011,3,2,2,196,154,2006,"Maribyrnong",-37.7987,144.9034,"Western Metropolitan",7570
"4","Ascot Vale","8 Geddes St",2,"h",710000,"PI","Nelson","4/06/2016",5.9,3032,2,1,1,214,77,1890,"Moonee Valley",-37.7776,144.9142,"Western Metropolitan",6567
"319","Yarraville","15 Ofarrell St",4,"h",1401000,"S","Village","19/11/2016",7,3013,4,1,1,306,133,1910,"Maribyrnong",-37.8102,144.8885,"Western Metropolitan",6543
"298","Yarraville","1/194 Hyde St",3,"h",780000,"S","Village","3/12/2016",7,3013,3,2,2,213,120,2004,"Maribyrnong",-37.8175,144.8964,"Western Metropolitan",6543
"509","West Footscray","18 Molesworth Ct",4,"h",1276000,"S","Jas","12/08/2017",6.4,3012,4,2,1,323,130,1945,"Maribyrnong",-37.79429,144.87412,"Western Metropolitan",5058
"283","Williamstown","20 Bates Dr",3,"h",1200000,"S","Williams","7/11/2016",8,3016,3,2,2,348,200,1997,"Hobsons Bay",-37.8578,144.8799,"Western Metropolitan",6380
"216","Newport","8 Agg St",3,"h",993000,"SP","Williams","22/05/2016",8.4,3015,3,2,2,348,158,1900,"Hobsons Bay",-37.8435,144.8788,"Western Metropolitan",5498
"574","Newport","32 Agg St",2,"h",1130000,"S","Williams","23/09/2017",6.2,3015,2,1,2,343,98,1980,"",-37.84332,144.87718,"Western Metropolitan",5498
"211","Newport","6 Speight St",4,"h",1280000,"S","Raine","16/07/2016",8.4,3015,4,2,1,458,153,1930,"Hobsons Bay",-37.8427,144.879,"Western Metropolitan",5498
"419","Newport","63 Hobson St",3,"h",1075000,"SP","Raine","29/04/2017",8.4,3015,3,1,0,452,146,1950,"Hobsons Bay",-37.8402,144.8886,"Western Metropolitan",5498
"370","West Footscray","1/37 Hampton Pde",3,"h",723000,"S","Village","10/09/2016",8.2,3012,3,1,2,302,125,1938,"Maribyrnong",-37.8066,144.8666,"Western Metropolitan",5058
"294","Yarraville","6 Sanderson St",2,"h",890000,"SP","Village","3/09/2016",7,3013,3,1,2,471,103,1950,"Maribyrnong",-37.8149,144.8707,"Western Metropolitan",6543
"75","Footscray","8 Jerrold St",2,"h",752000,"SP","Jas","7/05/2016",6.4,3011,2,1,0,215,98,1910,"Maribyrnong",-37.7922,144.891,"Western Metropolitan",7570
"431","Williamstown","6 Caspian Tce",4,"h",1200000,"SP","Village","29/04/2017",8,3016,4,3,2,183,191,2006,"Hobsons Bay",-37.8566,144.8737,"Western Metropolitan",6380
"221","Newport","16 Davies St",2,"h",793000,"S","Gunn&Co","24/09/2016",8.4,3015,2,1,1,144,140,1995,"Hobsons Bay",-37.845,144.8873,"Western Metropolitan",5498
"139","Maidstone","67 Ballarat Rd",2,"h",646000,"SP","Jas","13/08/2016",9.2,3012,2,1,2,270,95,1900,"Maribyrnong",-37.7871,144.8791,"Western Metropolitan",3873
"152","Maribyrnong","4 Platypus Ct",5,"h",1150000,"SP","Biggin","10/09/2016",8.7,3032,5,3,2,446,286,2002,"Maribyrnong",-37.7712,144.8763,"Western Metropolitan",4918
"122","Ivanhoe","5 Stanley St",3,"h",1465000,"S","William","10/09/2016",7.9,3079,3,1,2,630,126,1960,"Banyule",-37.7635,145.039,"Eastern Metropolitan",5549
"412","Moonee Ponds","20 Huntly St",2,"h",970000,"S","Nelson","20/05/2017",6.9,3039,2,1,2,272,85,1900,"Moonee Valley",-37.7641,144.9073,"Western Metropolitan",6232
"86","Footscray","167 Gordon St",2,"h",711000,"SP","Jas","18/06/2016",6.4,3011,2,1,2,253,90,1910,"Maribyrnong",-37.7968,144.8887,"Western Metropolitan",7570
"318","Yarraville","347 Williamstown Rd",3,"h",781500,"S","Jas","18/06/2016",7,3013,2,1,2,341,132,1950,"Maribyrnong",-37.8224,144.8818,"Western Metropolitan",6543
"100","Footscray","20 Nicholson St",4,"h",1450000,"SP","Village","28/08/2016",6.4,3011,4,1,1,799,160,1910,"Maribyrnong",-37.7958,144.9001,"Western Metropolitan",7570
"562","Newport","70 Anderson St",3,"h",1262000,"SP","Williams","16/09/2017",6.2,3015,3,2,2,343,110,1980,"",-37.84461,144.87515,"Western Metropolitan",5498
"201","Newport","37 Alma Tce",3,"h",995000,"SP","Greg","7/11/2016",8.4,3015,3,1,2,316,118,1960,"Hobsons Bay",-37.849,144.8907,"Western Metropolitan",5498
"132","Maidstone","32 Ringtail Cct",4,"h",826000,"S","Rendina","3/09/2016",9.2,3012,4,2,2,308,185,2012,"Maribyrnong",-37.7833,144.8817,"Western Metropolitan",3873
"165","Maribyrnong","6 Ibis Pl",4,"h",1230000,"SP","Biggin","28/08/2016",8.7,3032,3,3,2,270,215,2009,"Maribyrnong",-37.7847,144.8962,"Western Metropolitan",4918
"564","Viewbank","2 Country La",3,"h",1009000,"S","Jellis","16/09/2017",8.9,3084,3,2,2,663,136,1980,"",-37.7417,145.0958,"Eastern Metropolitan",2698
"140","Maidstone","1/166 Mitchell St",3,"h",673000,"SP","Biggin","14/05/2016",9.2,3012,3,1,2,285,107,1910,"Maribyrnong",-37.7813,144.8678,"Western Metropolitan",3873
"512","Ascot Vale","37 Roxburgh St",3,"h",1306000,"S","Jellis","15/07/2017",4.3,3032,3,1,0,199,126,1900,"Moonee Valley",-37.77561,144.91695,"Western Metropolitan",6567
"57","Essendon","49 Albion St",3,"h",1134000,"S","Barry","17/09/2016",8,3040,3,1,1,551,114,1950,"Moonee Valley",-37.7571,144.9335,"Western Metropolitan",9264
"568","Footscray","28 Central Av",2,"h",942000,"SP","Jas","19/08/2017",5.1,3011,2,1,1,241,91,1915,"",-37.79583,144.89406,"Western Metropolitan",7570
"540","Yarraville","30 Freame St",4,"h",1407000,"S","Village","22/07/2017",6.3,3013,4,2,2,446,152,1955,"Maribyrnong",-37.81845,144.87464,"Western Metropolitan",6543
"256","Spotswood","24 Forrest St",3,"h",927000,"S","Williams","12/06/2016",7.7,3015,3,1,0,274,131,1910,"Hobsons Bay",-37.8282,144.8856,"Western Metropolitan",1223
"536","Strathmore","10 Fenacre St",4,"h",1220000,"S","Nelson","22/07/2017",8.2,3041,4,1,2,750,185,1960,"Moonee Valley",-37.73051,144.91731,"Western Metropolitan",3284
"69","Footscray","9 Lynch St",3,"h",1003000,"S","Naison","3/12/2016",6.4,3011,3,1,1,292,98,1900,"Maribyrnong",-37.797,144.9051,"Western Metropolitan",7570
"106","Heidelberg West","35 Carbeena Pde",2,"h",515500,"S","Barry","12/11/2016",9.4,3081,2,1,1,331,111,1960,"Banyule",-37.7441,145.0379,"Eastern Metropolitan",2674
"126","Ivanhoe","113 Green St",3,"h",1102000,"S","Nelson","22/05/2016",7.9,3079,3,1,1,597,115,1950,"Banyule",-37.7645,145.0314,"Eastern Metropolitan",5549
"147","Maribyrnong","6 Londrew Ct",3,"h",975000,"PI","Burnham","3/12/2016",8.7,3032,3,1,2,597,154,1970,"Maribyrnong",-37.763,144.8877,"Western Metropolitan",4918
"64","Essendon","5 Loeman St",4,"h",1270000,"PI","Nelson","28/08/2016",8,3040,3,2,2,411,266,1996,"Moonee Valley",-37.757,144.9251,"Western Metropolitan",9264
"20","Ascot Vale","125 Epsom Rd",4,"h",1100000,"VB","Nelson","15/10/2016",5.9,3032,4,2,5,559,195,1920,"Moonee Valley",-37.7791,144.9136,"Western Metropolitan",6567
"235","Seddon","38 Lily St",3,"h",1350000,"PI","Village","8/10/2016",6.6,3011,3,3,2,227,211,2015,"Maribyrnong",-37.8033,144.8897,"Western Metropolitan",2417
"206","Newport","31 Milford St",2,"h",1030000,"S","Village","15/10/2016",8.4,3015,2,1,2,470,136,1930,"Hobsons Bay",-37.8471,144.8769,"Western Metropolitan",5498
"96","Footscray","20 Ryan St",2,"h",760000,"PI","Burnham","27/06/2016",6.4,3011,2,1,0,130,70,1920,"Maribyrnong",-37.7988,144.9045,"Western Metropolitan",7570
"565","West Footscray","15 Alberta St",3,"h",870000,"SP","Jas","16/09/2017",6.4,3012,3,1,2,417,109,1950,"",-37.79644,144.86388,"Western Metropolitan",5058
"232","Seddon","38 Lily St",3,"h",1325000,"VB","Jas","4/06/2016",6.6,3011,3,3,2,227,211,2015,"Maribyrnong",-37.8033,144.8897,"Western Metropolitan",2417
"104","Heidelberg West","73 Pacific Dr",3,"h",560000,"SP","William","3/12/2016",9.4,3081,3,1,1,523,87,1960,"Banyule",-37.7369,145.0376,"Eastern Metropolitan",2674
"380","West Footscray","50 Hex St",2,"h",770000,"S","Village","24/09/2016",8.2,3012,3,1,1,267,95,1940,"Maribyrnong",-37.8021,144.8629,"Western Metropolitan",5058
"37","Ascot Vale","73 Kent St",2,"h",760000,"PI","Nelson","27/06/2016",5.9,3032,2,1,1,124,77,1900,"Moonee Valley",-37.7807,144.9285,"Western Metropolitan",6567
"179","Moonee Ponds","31 Bowen St",2,"h",860000,"S","Nelson","11/02/2017",6.9,3039,2,1,1,301,80,1920,"Moonee Valley",-37.7695,144.9092,"Western Metropolitan",6232
"172","Moonee Ponds","25 Buckley St",3,"h",1170000,"S","Re","8/10/2016",6.9,3039,3,1,1,443,102,1930,"Moonee Valley",-37.7585,144.928,"Western Metropolitan",6232
"383","West Footscray","55 Elphinstone St",3,"h",805000,"S","Jas","27/06/2016",8.2,3012,3,1,3,372,96,1920,"Maribyrnong",-37.796,144.8728,"Western Metropolitan",5058
"341","Aberfeldie","2 May St",4,"h",1200000,"VB","Nelson","19/11/2016",9.1,3040,4,2,2,578,35,2010,"Moonee Valley",-37.7614,144.8953,"Western Metropolitan",1543
"33","Ascot Vale","25 Dalgety Dr",3,"h",940000,"S","Jellis","26/07/2016",5.9,3032,3,2,2,285,172,2011,"Moonee Valley",-37.7778,144.9061,"Western Metropolitan",6567
"38","Ascot Vale","1 Bloomfield Rd",3,"h",1305000,"S","Barry","28/05/2016",5.9,3032,2,1,1,278,166,1900,"Moonee Valley",-37.7768,144.9223,"Western Metropolitan",6567
"517","Heidelberg West","54 Alamein Rd",2,"h",580000,"S","Harcourts","15/07/2017",8.8,3081,2,1,2,498,75,1955,"Banyule",-37.73759,145.04236,"Eastern Metropolitan",2674
"349","Essendon West","25 Garnet St",5,"h",1300000,"S","Nelson","16/07/2016",9.8,3040,5,2,2,616,184,1950,"Moonee Valley",-37.7497,144.8867,"Western Metropolitan",588
"449","Essendon West","6 Bourke St",3,"h",750000,"VB","Brad","1/07/2017",7.5,3040,3,1,1,236,114,2000,"Moonee Valley",-37.75403,144.8867,"Western Metropolitan",588
"504","Kingsville","182 Williamstown Rd",3,"h",9e+05,"SP","Jas","12/08/2017",6.4,3012,3,1,1,275,11,1936,"Maribyrnong",-37.81167,144.88346,"Western Metropolitan",1808
"202","Newport","22 Mirls St",2,"h",962000,"S","Village","8/10/2016",8.4,3015,2,1,1,402,94,1920,"Hobsons Bay",-37.8446,144.8796,"Western Metropolitan",5498
"226","Newport","7 Durkin St",3,"h",945000,"S","Jas","28/05/2016",8.4,3015,4,2,1,487,190,2017,"Hobsons Bay",-37.8438,144.8806,"Western Metropolitan",5498
"547","Moonee Ponds","86 Waverley St",3,"h",1210000,"PI","Sweeney","3/09/2017",6.2,3039,3,2,0,411,114,1915,"",-37.76285,144.90575,"Western Metropolitan",6232
"573","Moonee Ponds","8 Pattison St",3,"h",1162000,"S","Jellis","23/09/2017",6.2,3039,3,1,2,619,129,1965,"",-37.76996,144.93466,"Western Metropolitan",6232
"408","Maidstone","18 Pullar St",2,"h",472500,"S","Burnham","20/05/2017",9.2,3012,2,1,0,315,89,1990,"Maribyrnong",-37.7835,144.8723,"Western Metropolitan",3873
"532","Maidstone","7 Churchill Av",3,"h",681000,"SP","Biggin","22/07/2017",6.4,3012,3,1,2,523,93.82,1950,"Maribyrnong",-37.78242,144.86955,"Western Metropolitan",3873
"566","West Footscray","127 Stanhope St",4,"h",1060000,"S","Douglas","16/09/2017",6.4,3012,3,3,2,512,512,1920,"",-37.79487,144.86353,"Western Metropolitan",5058
"335","Yarraville","7 Hughes St",3,"h",840000,"S","Village","28/08/2016",7,3013,4,1,1,470,127,1970,"Maribyrnong",-37.822,144.8904,"Western Metropolitan",6543
"103","Heidelberg West","23 Redwood St",3,"h",691000,"S","Haughton","3/09/2016",9.4,3081,2,1,2,624,86,1965,"Banyule",-37.7456,145.0397,"Eastern Metropolitan",2674
"332","Yarraville","23 Castlemaine St",3,"h",1380000,"S","Village","27/11/2016",7,3013,3,2,2,235,144,1910,"Maribyrnong",-37.815,144.8928,"Western Metropolitan",6543
"192","Newport","14 Chalmers La",3,"h",9e+05,"SP","Raine","3/12/2016",8.4,3015,3,2,2,194,176,2010,"Hobsons Bay",-37.8395,144.8787,"Western Metropolitan",5498
"101","Footscray","119 Droop St",2,"h",745000,"S","Village","30/07/2016",6.4,3011,2,1,1,355,74,1890,"Maribyrnong",-37.7931,144.8938,"Western Metropolitan",7570
"348","Essendon West","461 Buckley St",3,"h",787500,"S","Nelson","12/11/2016",9.8,3040,3,1,1,556,105,1940,"Moonee Valley",-37.7537,144.8856,"Western Metropolitan",588
"306","Yarraville","40 Freeman St",3,"h",670000,"VB","Village","4/06/2016",7,3013,3,1,1,477,120,1960,"Maribyrnong",-37.8186,144.8736,"Western Metropolitan",6543
"246","Seddon","27 thomson St",2,"h",955000,"SP","Jas","19/11/2016",6.6,3011,2,1,0,148,72,1912,"Maribyrnong",-37.8084,144.8907,"Western Metropolitan",2417
"138","Maidstone","10 Thomson St",3,"h",832000,"SP","Sweeney","12/11/2016",9.2,3012,3,1,2,300,125,1950,"Maribyrnong",-37.7896,144.8752,"Western Metropolitan",3873
"390","Aberfeldie","3/4 Combermere St",2,"h",470000,"S","Barry","8/04/2017",9.1,3040,2,1,1,70,72.3,1980,"Moonee Valley",-37.7564,144.9043,"Western Metropolitan",1543
"534","Maidstone","18 Pullar St",2,"h",468000,"S","Burnham","22/07/2017",6.4,3012,2,1,2,312,89,1990,"Maribyrnong",-37.78353,144.87233,"Western Metropolitan",3873
"401","Heidelberg West","25 Mulberry Pde",3,"h",855000,"S","Barry","8/04/2017",9.4,3081,3,1,2,658,99,1960,"Banyule",-37.7445,145.0386,"Eastern Metropolitan",2674
"142","Maidstone","4 Maple St",5,"h",1350000,"S","Biggin","19/11/2016",9.2,3012,5,3,2,527,358,2009,"Maribyrnong",-37.7746,144.8727,"Western Metropolitan",3873
"487","Ivanhoe","128 Green St",3,"h",1475000,"S","Nelson","27/05/2017",7.8,3079,3,1,2,424,114,1950,"Banyule",-37.76353,145.02941,"Eastern Metropolitan",5549
"457","Heidelberg Heights","79 Bamfield Rd",3,"h",885000,"VB","Miles","3/06/2017",8.8,3081,3,1,1,592,125,1960,"Banyule",-37.73736,145.05603,"Eastern Metropolitan",2947
"220","Newport","5/67 Oxford St",2,"h",680000,"SP","RT","23/04/2016",8.4,3015,2,1,1,229,101,2000,"Hobsons Bay",-37.8368,144.8768,"Western Metropolitan",5498
"455","Essendon","24 Butler St",3,"h",1025000,"S","Nelson","3/06/2017",7.5,3040,3,2,2,203,156,2016,"Moonee Valley",-37.75582,144.91061,"Western Metropolitan",9264
"154","Maribyrnong","6/4 Belvedere Cl",3,"h",780000,"VB","Nelson","22/05/2016",8.7,3032,3,3,2,173,184,2000,"Maribyrnong",-37.773,144.8947,"Western Metropolitan",4918
"208","Newport","1 Durkin St",2,"h",740000,"S","RT","16/04/2016",8.4,3015,2,2,1,213,127,2006,"Hobsons Bay",-37.8441,144.8805,"Western Metropolitan",5498
"274","Strathmore","2/13 Fenacre St",3,"h",622500,"S","Barry","16/07/2016",9.7,3041,3,2,2,254,127,2004,"Moonee Valley",-37.7302,144.9167,"Western Metropolitan",3284
"31","Ascot Vale","15 Mirams St",4,"h",1345000,"S","Jellis","25/02/2017",5.9,3032,4,1,1,552,155,1920,"Moonee Valley",-37.7769,144.9138,"Western Metropolitan",6567
"505","Maidstone","16A Madden St",3,"h",798000,"PI","Biggin","12/08/2017",6.4,3012,3,2,2,159,152,2010,"Maribyrnong",-37.78974,144.88143,"Western Metropolitan",3873
"555","Yarraville","279 Hyde St",4,"h",8e+05,"VB","Village","9/09/2017",6.3,3013,4,2,2,277,142,1950,"",-37.8215,144.89614,"Western Metropolitan",6543
"516","Footscray","27 Leander St",2,"h",991000,"S","Village","15/07/2017",5.1,3011,2,1,1,318,106,1910,"Maribyrnong",-37.79529,144.88453,"Western Metropolitan",7570
"356","Kingsville","104 Williamstown Rd",2,"h",677500,"S","Jas","7/05/2016",7.8,3012,2,1,1,224,89,1915,"Maribyrnong",-37.8083,144.8841,"Western Metropolitan",1808
"539","Yarraville","61 Eirene St",2,"h",9e+05,"SP","Sweeney","22/07/2017",6.3,3013,2,1,3,463,123.5,1940,"Maribyrnong",-37.82333,144.87955,"Western Metropolitan",6543
"501","Moonee Ponds","102 Waverley St",4,"h",1270000,"S","Jellis","8/07/2017",6.2,3039,4,1,3,478,152,1925,"Moonee Valley",-37.76421,144.90571,"Western Metropolitan",6232
"464","West Footscray","6 Argyle St",3,"h",1155000,"PI","Village","3/06/2017",6.4,3012,3,2,1,342,123,1920,"Maribyrnong",-37.79369,144.87511,"Western Metropolitan",5058
"331","Yarraville","76 Kidman St",3,"h",670000,"PI","Biggin","27/06/2016",7,3013,3,1,1,463,119,1950,"Maribyrnong",-37.8137,144.8636,"Western Metropolitan",6543
"416","Newport","28 Agg St",4,"h",1230000,"SP","Gunn&Co","6/05/2017",8.4,3015,4,2,1,402,146,1925,"Hobsons Bay",-37.8433,144.8774,"Western Metropolitan",5498
"237","Seddon","61 Station Rd",3,"h",990000,"S","Jas","12/11/2016",6.6,3011,3,1,0,371,134,1910,"Maribyrnong",-37.8066,144.8853,"Western Metropolitan",2417
"163","Maribyrnong","39 Kellaway St",3,"h",940000,"S","Jas","28/05/2016",8.7,3032,3,1,1,695,141,1940,"Maribyrnong",-37.7825,144.886,"Western Metropolitan",4918
"153","Maribyrnong","12 Marin La",3,"h",847000,"S","Nelson","12/11/2016",8.7,3032,3,2,2,222,200,2002,"Maribyrnong",-37.7697,144.878,"Western Metropolitan",4918
"405","Kingsville","87 Chirnside St",3,"h",1190000,"SP","Village","13/05/2017",7.8,3012,3,1,1,276,105,1925,"Maribyrnong",-37.8082,144.8828,"Western Metropolitan",1808
"496","Braybrook","1 Walker Pl",2,"h",590000,"S","hockingstuart","8/07/2017",8.6,3019,2,1,1,304,74,1950,"Maribyrnong",-37.78341,144.85574,"Western Metropolitan",3589
"442","Yarraville","46 MacKay St",4,"h",1455000,"S","Village","29/04/2017",7,3013,4,1,1,328,140,1920,"Maribyrnong",-37.8097,144.8906,"Western Metropolitan",6543
"371","West Footscray","45 Hansen St",3,"h",967000,"S","Jas","10/12/2016",8.2,3012,3,1,2,347,113,1925,"Maribyrnong",-37.8067,144.8761,"Western Metropolitan",5058
"273","Strathmore","43 Henshall Rd",4,"h",1430000,"S","Nelson","16/04/2016",9.7,3041,4,2,1,607,224,1990,"Moonee Valley",-37.7376,144.9154,"Western Metropolitan",3284
"46","Essendon","45 Ogilvie St",2,"h",1130000,"SP","Barry","7/05/2016",8,3040,2,1,1,646,100,1950,"Moonee Valley",-37.7502,144.8923,"Western Metropolitan",9264
"239","Seddon","11 Hotham St",3,"h",1395000,"SP","Jas","16/04/2016",6.6,3011,3,1,2,467,155,1946,"Maribyrnong",-37.8093,144.8941,"Western Metropolitan",2417
"392","Ascot Vale","72 Bloomfield Rd",2,"h",1020000,"PI","Nelson","13/05/2017",5.9,3032,2,1,1,226,98,1920,"Moonee Valley",-37.7761,144.9165,"Western Metropolitan",6567
"407","Kingsville","363 Geelong Rd",3,"h",860000,"SP","Village","29/04/2017",7.8,3012,3,1,3,555,168,1940,"Maribyrnong",-37.8083,144.8754,"Western Metropolitan",1808
"479","Newport","36 Junction St",3,"h",1220000,"SP","Hunter","24/06/2017",6.2,3015,3,1,2,492,103,1940,"Hobsons Bay",-37.83529,144.87893,"Western Metropolitan",5498
"389","Aberfeldie","2/65 Clifton St",3,"h",1300000,"S","Nelson","8/04/2017",9.1,3040,3,3,2,240,240,2013,"Moonee Valley",-37.762,144.8916,"Western Metropolitan",1543
"354","Kingsville","4 Chirnside St",3,"h",817000,"S","Village","6/08/2016",7.8,3012,2,1,1,259,105,1940,"Maribyrnong",-37.8046,144.8831,"Western Metropolitan",1808
"21","Ascot Vale","26 Ayr St",6,"h",1430000,"S","Nelson","16/04/2016",5.9,3032,4,2,1,461,286,1900,"Moonee Valley",-37.78,144.9295,"Western Metropolitan",6567
"150","Maribyrnong","28 Kellaway St",3,"h",920000,"SP","Biggin","10/09/2016",8.7,3032,3,1,2,689,110,1920,"Maribyrnong",-37.7823,144.887,"Western Metropolitan",4918
"148","Maribyrnong","8/10 Middle Rd",2,"h",399000,"S","Raine","7/05/2016",8.7,3032,2,1,1,904,53,1985,"Maribyrnong",-37.7679,144.8935,"Western Metropolitan",4918
"353","Kingsville","134 Chirnside St",3,"h",1155000,"S","Jas","4/06/2016",7.8,3012,2,2,2,269,123,1915,"Maribyrnong",-37.8108,144.8819,"Western Metropolitan",1808
"136","Maidstone","7 Wallace St",3,"h",721000,"S","Sweeney/Advantage","8/10/2016",9.2,3012,2,2,1,239,121,1955,"Maribyrnong",-37.7882,144.8784,"Western Metropolitan",3873
"369","West Footscray","5/28 Hampton Pde",2,"h",415000,"S","Sweeney","10/09/2016",8.2,3012,2,1,1,80,64,1980,"Maribyrnong",-37.806,144.8674,"Western Metropolitan",5058
"197","Newport","51 Home Rd",4,"h",1082000,"S","Village","6/08/2016",8.4,3015,4,3,2,233,165,2011,"Hobsons Bay",-37.841,144.8874,"Western Metropolitan",5498
"210","Newport","153 Mason St",3,"h",950000,"S","Jas","16/07/2016",8.4,3015,3,1,2,453,145,1950,"Hobsons Bay",-37.8414,144.8707,"Western Metropolitan",5498
"108","Heidelberg West","23 Catalina St",2,"h",620000,"PI","Ray","16/04/2016",9.4,3081,2,1,2,668,88,1950,"Banyule",-37.7389,145.0393,"Eastern Metropolitan",2674
"489","Seddon","57 Charles St",2,"h",830000,"VB","Village","27/05/2017",5.1,3011,2,1,1,152,91,1910,"Maribyrnong",-37.80697,144.8928,"Western Metropolitan",2417
"350","Essendon West","6 Sapphire St",7,"h",1300000,"PI","Nelson","19/11/2016",9.8,3040,5,2,2,614,316,1970,"Moonee Valley",-37.75,144.8858,"Western Metropolitan",588
"109","Heidelberg West","163 Dougharty Rd",2,"h",440500,"S","hockingstuart","16/07/2016",9.4,3081,2,1,1,368,81,1955,"Banyule",-37.7341,145.0434,"Eastern Metropolitan",2674
"313","Yarraville","25 Norfolk St",3,"h",950000,"SP","Village","16/04/2016",7,3013,3,1,2,240,84,1880,"Maribyrnong",-37.8202,144.8896,"Western Metropolitan",6543
"265","Strathmore","56 Hillsyde Pde",3,"h",1025000,"S","Considine","7/05/2016",9.7,3041,3,2,1,654,180,1950,"Moonee Valley",-37.7369,144.9251,"Western Metropolitan",3284
"544","Aberfeldie","1 Alma St",4,"h",1436000,"S","Brad","3/09/2017",7.5,3040,4,3,3,511,187,1922,"",-37.75788,144.90487,"Western Metropolitan",1543
"377","West Footscray","28 Khartoum St",4,"h",830000,"S","Sweeney","17/09/2016",8.2,3012,2,1,2,426,144,1930,"Maribyrnong",-37.7919,144.8793,"Western Metropolitan",5058
"398","Footscray","27 MacPherson St",2,"h",882000,"SP","Village","29/04/2017",6.4,3011,2,1,0,172,80,1900,"Maribyrnong",-37.7936,144.8905,"Western Metropolitan",7570
"554","Moonee Ponds","11 Murray St",3,"h",1240000,"S","Jellis","9/09/2017",6.2,3039,3,2,2,784,172,2007,"",-37.75947,144.92542,"Western Metropolitan",6232
"10","Ascot Vale","4 The Parade",2,"h",950000,"SP","Raine","7/05/2016",5.9,3032,2,1,1,173,102,1900,"Moonee Valley",-37.7731,144.9206,"Western Metropolitan",6567
"14","Ascot Vale","78 The Parade",3,"h",1440000,"S","Nelson","11/02/2017",5.9,3032,3,1,1,487,131,1900,"Moonee Valley",-37.7725,144.9146,"Western Metropolitan",6567
"400","Heidelberg West","316 Liberty Pde",2,"h",650000,"S","Haughton","8/04/2017",9.4,3081,2,1,2,465,81,1960,"Banyule",-37.7369,145.0371,"Eastern Metropolitan",2674
"434","Yarraville","260 Francis St",3,"h",892000,"S","Village","13/05/2017",7,3013,3,1,2,449,106.76,1940,"Maribyrnong",-37.8195,144.8766,"Western Metropolitan",6543
"584","Rosanna","179 Beverley Rd",3,"h",1224000,"S","Nelson","26/08/2017",8.9,3084,3,1,2,609,124,1960,"",-37.74351,145.07965,"Eastern Metropolitan",3540
"272","Strathmore","13 Woolart St",3,"h",910000,"S","Nelson","15/10/2016",9.7,3041,3,1,2,692,117,1960,"Moonee Valley",-37.7217,144.9074,"Western Metropolitan",3284
"7","Ascot Vale","10 McCully St",3,"h",1377000,"S","Nelson","6/08/2016",5.9,3032,3,1,1,417,168,1900,"Moonee Valley",-37.7756,144.9208,"Western Metropolitan",6567
"12","Ascot Vale","51 Francis St",2,"h",770000,"PI","Nelson","10/09/2016",5.9,3032,2,1,1,226,87,1900,"Moonee Valley",-37.7774,144.9186,"Western Metropolitan",6567
"322","Yarraville","2 Hood St",4,"h",1158000,"S","Jas","23/04/2016",7,3013,4,1,3,411,96,1910,"Maribyrnong",-37.8117,144.8873,"Western Metropolitan",6543
"355","Kingsville","132 Coronation St",3,"h",1035000,"SP","Village","6/08/2016",7.8,3012,3,2,2,275,145,1920,"Maribyrnong",-37.8118,144.8801,"Western Metropolitan",1808
"418","Newport","139 Blackshaws Rd",4,"h",956000,"S","Sweeney","22/04/2017",8.4,3015,4,2,4,540,113,1970,"Hobsons Bay",-37.8339,144.8716,"Western Metropolitan",5498
"253","Spotswood","6 McNeilage St",2,"h",832500,"S","Jas","7/05/2016",7.7,3015,2,1,2,562,116,1950,"Hobsons Bay",-37.8333,144.8868,"Western Metropolitan",1223
"343","Bellfield","305 Bell St",3,"h",645000,"SP","Nelson","22/05/2016",9.5,3081,3,1,2,631,109,1950,"Banyule",-37.7506,145.043,"Eastern Metropolitan",790
"42","Essendon","2/96 Cooper St",3,"h",911000,"S","Rendina","4/02/2016",8,3040,3,2,2,225,98,2008,"Moonee Valley",-37.7454,144.8987,"Western Metropolitan",9264
"397","Footscray","47 Shepherd St",3,"h",871000,"S","Greg","13/05/2017",6.4,3011,3,1,1,267,101,1900,"Maribyrnong",-37.7951,144.8901,"Western Metropolitan",7570
"301","Yarraville","5 Hood St",2,"h",1e+06,"VB","Village","4/03/2017",7,3013,2,1,1,220,105,1910,"Maribyrnong",-37.8115,144.8875,"Western Metropolitan",6543
"28","Ascot Vale","21 Middle St",3,"h",1130000,"S","Nelson","23/04/2016",5.9,3032,3,2,1,272,157,1900,"Moonee Valley",-37.7774,144.928,"Western Metropolitan",6567
"143","Maidstone","1/12 Clarendon St",3,"h",490000,"SP","Biggin","26/07/2016",9.2,3012,3,1,2,269,80,1960,"Maribyrnong",-37.7844,144.8665,"Western Metropolitan",3873
"257","Spotswood","59 Hope St",4,"h",850000,"VB","RT","12/11/2016",7.7,3015,4,2,0,389,158,1990,"Hobsons Bay",-37.8284,144.8861,"Western Metropolitan",1223
"307","Yarraville","25 Gray St",4,"h",706000,"S","Jas","4/06/2016",7,3013,2,1,0,165,93,1900,"Maribyrnong",-37.819,144.895,"Western Metropolitan",6543
"5","Ascot Vale","119 Roseberry St",2,"h",750000,"SP","Maddison","4/06/2016",5.9,3032,2,1,1,226,92,1920,"Moonee Valley",-37.7745,144.9093,"Western Metropolitan",6567
"209","Newport","91 High St",4,"h",970000,"S","Greg","16/04/2016",8.4,3015,3,1,1,619,151,1915,"Hobsons Bay",-37.839,144.8854,"Western Metropolitan",5498
"195","Newport","46 River St",4,"h",940000,"VB","Williams","4/06/2016",8.4,3015,3,2,1,379,172,1930,"Hobsons Bay",-37.8408,144.8893,"Western Metropolitan",5498
"289","Williamstown","77 Melbourne Rd",3,"h",1210000,"S","Williams","25/02/2017",8,3016,3,1,0,249,85,1910,"Hobsons Bay",-37.86,144.895,"Western Metropolitan",6380
"326","Yarraville","43 Ballarat St",2,"h",767000,"S","Jas","25/02/2017",7,3013,2,1,0,128,80,1920,"Maribyrnong",-37.8179,144.8908,"Western Metropolitan",6543
"171","Moonee Ponds","82 Argyle St",3,"h",990000,"PI","Hodges","7/11/2016",6.9,3039,3,1,2,328,107,1900,"Moonee Valley",-37.7658,144.9077,"Western Metropolitan",6232
"386","South Kingsville","69 Watt St",3,"h",985000,"S","Williams","12/06/2016",9.1,3015,3,1,5,669,124,1950,"Hobsons Bay",-37.8321,144.8736,"Western Metropolitan",984
"308","Yarraville","101 Roberts St",3,"h",1050000,"S","hockingstuart","4/06/2016",7,3013,2,2,1,462,132,1960,"Maribyrnong",-37.8128,144.8695,"Western Metropolitan",6543
"90","Footscray","35 Leander St",2,"h",835000,"SP","Jas","22/08/2016",6.4,3011,2,1,1,222,109,1920,"Maribyrnong",-37.7962,144.8844,"Western Metropolitan",7570
"483","Essendon West","36 Ruby St",3,"h",1050000,"VB","Barry","27/05/2017",7.5,3040,3,3,1,846,187,1940,"Moonee Valley",-37.75228,144.88429,"Western Metropolitan",588
"324","Yarraville","3 Freame St",3,"h",1081000,"SP","Village","24/09/2016",7,3013,3,1,1,448,104,1940,"Maribyrnong",-37.8171,144.8753,"Western Metropolitan",6543
"339","Aberfeldie","2 May St",4,"h",1150000,"PI","Nelson","11/02/2017",9.1,3040,4,2,2,578,35,2010,"Moonee Valley",-37.7614,144.8953,"Western Metropolitan",1543
"35","Ascot Vale","6 Waller Ct",3,"h",786000,"S","Brad","26/07/2016",5.9,3032,3,2,1,576,120,1940,"Moonee Valley",-37.7816,144.9217,"Western Metropolitan",6567
"549","Ascot Vale","18 Ascot St",3,"h",870000,"PI","Nelson","9/09/2017",4.3,3032,3,2,3,388,92,1950,"",-37.7822,144.92042,"Western Metropolitan",6567
"557","Braybrook","35 Shepherd St",3,"h",840000,"S","Douglas","16/09/2017",8.6,3019,3,1,2,620,93,1960,"",-37.78311,144.85331,"Western Metropolitan",3589
"3","Ascot Vale","98 Epsom Rd",3,"h",971000,"SP","Nelson","4/06/2016",5.9,3032,3,2,2,285,128,1900,"Moonee Valley",-37.775,144.9091,"Western Metropolitan",6567
"13","Ascot Vale","12 Mirams St",4,"h",890000,"SP","Raine","10/12/2016",5.9,3032,4,1,1,300,185,1890,"Moonee Valley",-37.7766,144.9143,"Western Metropolitan",6567
"191","Newport","1/26 Thorpe St",3,"h",826000,"S","Village","3/09/2016",8.4,3015,2,1,2,281,100,1957,"Hobsons Bay",-37.8457,144.8651,"Western Metropolitan",5498
"157","Maribyrnong","23 Duffy St",4,"h",1180000,"SP","Maddison","25/02/2017",8.7,3032,4,3,2,688,166,1960,"Maribyrnong",-37.7713,144.8937,"Western Metropolitan",4918
"180","Moonee Ponds","24 Steele St",4,"h",1322000,"S","Nelson","14/05/2016",6.9,3039,3,1,1,549,192,1930,"Moonee Valley",-37.7696,144.929,"Western Metropolitan",6232
"510","Yarraville","1/23 Bena St",4,"h",1142000,"PI","Nelson","12/08/2017",6.3,3013,4,3,2,234,176,2012,"Maribyrnong",-37.81961,144.88132,"Western Metropolitan",6543
"357","Kingsville","200 Somerville Rd",3,"h",760000,"PI","Chambers","10/12/2016",7.8,3012,3,1,1,350,114,1950,"Maribyrnong",-37.8123,144.8805,"Western Metropolitan",1808
"251","Seddon","80 Gamon St",2,"h",815000,"S","Chisholm","30/07/2016",6.6,3011,2,1,0,172,81,1900,"Maribyrnong",-37.81,144.8896,"Western Metropolitan",2417
"79","Footscray","120 MacPherson St",3,"h",760000,"S","Biggin","12/06/2016",6.4,3011,3,1,1,265,115,1910,"Maribyrnong",-37.7975,144.8894,"Western Metropolitan",7570
"579","Altona North","23 Hatherley Gr",3,"h",791000,"S","Jas","26/08/2017",9.4,3025,3,1,4,553,131,1960,"",-37.84484,144.85017,"Western Metropolitan",5132
"542","Seddon","2/70 Windsor St",2,"h",945000,"SP","Village","29/07/2017",5.1,3011,2,1,1,126,65,1890,"Maribyrnong",-37.80473,144.89095,"Western Metropolitan",2417
"399","Footscray","39 Moore St",3,"h",895000,"PI","Burnham","29/04/2017",6.4,3011,3,1,2,272,106,1920,"Maribyrnong",-37.7977,144.904,"Western Metropolitan",7570
"359","Kingsville","309 Geelong Rd",2,"h",685000,"SP","Village","17/09/2016",7.8,3012,2,1,1,220,219,1890,"Maribyrnong",-37.8068,144.8782,"Western Metropolitan",1808
"550","Footscray","27 Summerhill Rd",2,"h",8e+05,"VB","hockingstuart","9/09/2017",5.1,3011,2,1,2,353,123,1930,"",-37.79047,144.88289,"Western Metropolitan",7570
"30","Ascot Vale","25 Geddes St",4,"h",950000,"PI","Nelson","24/09/2016",5.9,3032,4,2,1,298,147,1920,"Moonee Valley",-37.7778,144.9131,"Western Metropolitan",6567
"111","Heidelberg West","523 Waterdale Rd",3,"h",480000,"PI","Ray","18/06/2016",9.4,3081,3,1,1,338,13,1980,"Banyule",-37.739,145.0481,"Eastern Metropolitan",2674
"413","Moonee Ponds","6A McPherson St",3,"h",1070000,"S","Nelson","20/05/2017",6.9,3039,3,1,2,231,130,1995,"Moonee Valley",-37.7616,144.9284,"Western Metropolitan",6232
"60","Essendon","101 McCracken St",3,"h",1470000,"S","Nelson","18/03/2017",8,3040,3,1,1,687,120,2016,"Moonee Valley",-37.7442,144.9045,"Western Metropolitan",9264
"73","Footscray","8 Buckingham St",3,"h",876000,"S","Jas","4/03/2017",6.4,3011,3,2,2,204,106,1990,"Maribyrnong",-37.8012,144.8921,"Western Metropolitan",7570
"375","West Footscray","12 Stanley St",3,"h",756000,"S","Brad","13/08/2016",8.2,3012,3,1,1,353,360,1925,"Maribyrnong",-37.7915,144.8733,"Western Metropolitan",5058
"316","Yarraville","7 Stewart St",4,"h",1340000,"VB","Village","18/03/2017",7,3013,4,2,0,297,175,1900,"Maribyrnong",-37.8108,144.888,"Western Metropolitan",6543
"581","Footscray","39 Moore St",3,"h",755000,"PI","hockingstuart","26/08/2017",5.1,3011,3,1,2,334,110,1920,"",-37.7977,144.90398,"Western Metropolitan",7570
"228","Newport","16 Milford St",2,"h",760000,"S","Williams","28/08/2016",8.4,3015,2,1,2,255,109,1930,"Hobsons Bay",-37.8469,144.8766,"Western Metropolitan",5498
"248","Seddon","32 Walter St",4,"h",970000,"VB","Jas","23/04/2016",6.6,3011,2,2,1,149,127,1920,"Maribyrnong",-37.8047,144.8948,"Western Metropolitan",2417
"342","Bellfield","20 Davidson St",3,"h",773000,"S","Nelson","6/08/2016",9.5,3081,3,1,2,626,93,1955,"Banyule",-37.752,145.0367,"Eastern Metropolitan",790
"467","Altona North","242 Mason St",3,"h",870000,"S","hockingstuart","17/06/2017",9.4,3025,3,1,4,559,560,1950,"Hobsons Bay",-37.8399,144.86228,"Western Metropolitan",5132
"219","Newport","63 Mason St",3,"h",805000,"S","RT","23/04/2016",8.4,3015,3,1,2,322,104,1930,"Hobsons Bay",-37.8422,144.8784,"Western Metropolitan",5498
"287","Williamstown","16 Princes St",4,"h",1126000,"SP","Raine&Horne","16/04/2016",8,3016,4,1,1,307,150,1900,"Hobsons Bay",-37.8525,144.8945,"Western Metropolitan",6380
"8","Ascot Vale","120 Epsom Rd",3,"h",970000,"S","Brad","7/05/2016",5.9,3032,3,1,2,350,125,1904,"Moonee Valley",-37.7759,144.91,"Western Metropolitan",6567
"190","Moonee Ponds","11 Bowen St",3,"h",930000,"S","Nelson","28/08/2016",6.9,3039,3,3,1,325,132,1910,"Moonee Valley",-37.7702,144.9091,"Western Metropolitan",6232
"552","Maidstone","19 Howard St",2,"h",865000,"S","Biggin","9/09/2017",6.4,3012,2,1,2,327,131,1950,"",-37.78947,144.88105,"Western Metropolitan",3873
"167","Maribyrnong","21 Mitchell St",3,"h",820000,"VB","Biggin","30/07/2016",8.7,3032,3,1,4,578,176,2006,"Maribyrnong",-37.7837,144.8887,"Western Metropolitan",4918
"513","Avondale Heights","9 Thompson St",4,"h",934000,"S","Moonee","15/07/2017",9.5,3034,4,2,1,581,163,1975,"Moonee Valley",-37.76421,144.85594,"Western Metropolitan",4502
"500","Maribyrnong","8 Mitchell St",4,"h",1340000,"S","hockingstuart","8/07/2017",4.3,3032,4,1,3,697,155,1920,"Maribyrnong",-37.78352,144.88981,"Western Metropolitan",4918
"184","Moonee Ponds","38 Addison St",3,"h",1480000,"S","Alexkarbon","17/09/2016",6.9,3039,3,1,2,436,142,1910,"Moonee Valley",-37.7704,144.9292,"Western Metropolitan",6232
"61","Essendon","22 Tweedside St",3,"h",1460000,"S","Paul","22/08/2016",8,3040,3,2,1,605,138,1920,"Moonee Valley",-37.7546,144.9042,"Western Metropolitan",9264
"484","Heidelberg Heights","31 Collins St",3,"h",8e+05,"S","Barry","27/05/2017",8.8,3081,3,1,0,583,92.5,1945,"Banyule",-37.73752,145.05228,"Eastern Metropolitan",2947
"188","Moonee Ponds","1a Ardmillan Rd",3,"h",1250000,"S","Raine","23/04/2016",6.9,3039,3,2,1,283,222,2002,"Moonee Valley",-37.7638,144.9175,"Western Metropolitan",6232
"212","Newport","15 Jubilee St",4,"h",1040000,"S","Greg","17/09/2016",8.4,3015,3,2,2,299,198,2004,"Hobsons Bay",-37.8477,144.8706,"Western Metropolitan",5498
"89","Footscray","51 Lynch St",2,"h",858000,"SP","Jas","22/05/2016",6.4,3011,2,1,1,313,93,1915,"Maribyrnong",-37.7966,144.9016,"Western Metropolitan",7570
"543","Williamstown","75 Cecil St",3,"h",1050000,"VB","Williams","29/07/2017",6.8,3016,3,1,0,179,115,1890,"Hobsons Bay",-37.86558,144.90474,"Western Metropolitan",6380
"410","Maribyrnong","1A Riverview Ct",4,"h",1190000,"S","Rendina","29/04/2017",8.7,3032,4,3,2,224,205,2015,"Maribyrnong",-37.7641,144.8885,"Western Metropolitan",4918
"531","Footscray","12 Jerrold St",4,"h",891000,"S","Sweeney","22/07/2017",5.1,3011,4,1,3,446,101.7,1920,"Maribyrnong",-37.79221,144.89076,"Western Metropolitan",7570
"193","Newport","44 Challis St",2,"h",8e+05,"S","Williams","4/03/2017",8.4,3015,2,1,1,244,73,1940,"Hobsons Bay",-37.846,144.8729,"Western Metropolitan",5498
"560","Kingsville","5 Wales St",3,"h",1e+06,"PI","Jas","16/09/2017",6.4,3012,3,2,2,275,282,1940,"",-37.80592,144.8807,"Western Metropolitan",1808
"92","Footscray","69 MacPherson St",2,"h",757500,"S","Sweeney","22/08/2016",6.4,3011,2,1,0,258,108,1900,"Maribyrnong",-37.7959,144.8901,"Western Metropolitan",7570
"175","Moonee Ponds","50 Wilson St",4,"h",1211000,"S","Nelson","10/09/2016",6.9,3039,3,1,3,477,146,1910,"Moonee Valley",-37.7632,144.9292,"Western Metropolitan",6232
"469","Essendon","37 McPhail St",2,"h",1195000,"S","Jellis","17/06/2017",7.5,3040,2,1,1,337,122,1940,"Moonee Valley",-37.7545,144.91194,"Western Metropolitan",9264
"105","Heidelberg West","59 Alamein Rd",3,"h",532000,"S","Miles","7/11/2016",9.4,3081,3,1,1,390,86,1955,"Banyule",-37.7369,145.0422,"Eastern Metropolitan",2674
"362","Kingsville","72 Chirnside St",4,"h",1275000,"SP","Jas","24/09/2016",7.8,3012,4,2,1,274,172,1910,"Maribyrnong",-37.8078,144.8825,"Western Metropolitan",1808
"166","Maribyrnong","12 Ibis Pl",3,"h",884500,"S","Jellis","30/07/2016",8.7,3032,3,2,2,211,234,2005,"Maribyrnong",-37.7848,144.8969,"Western Metropolitan",4918
"55","Essendon","20 Warner St",2,"h",890000,"PI","Nelson","16/04/2016",8,3040,2,1,1,649,108,1950,"Moonee Valley",-37.7445,144.9133,"Western Metropolitan",9264
"336","Yarraville","46 Kingston St",3,"h",900500,"S","Village","28/08/2016",7,3013,2,1,1,208,100,1970,"Maribyrnong",-37.8145,144.8804,"Western Metropolitan",6543
"424","West Footscray","61 Clive St",4,"h",1435000,"S","Village","6/05/2017",8.2,3012,4,2,2,523,244,1915,"Maribyrnong",-37.798,144.8728,"Western Metropolitan",5058
"266","Strathmore","8 Upland Rd",3,"h",1430000,"S","Paul","7/05/2016",9.7,3041,3,1,1,694,158,1950,"Moonee Valley",-37.7411,144.9262,"Western Metropolitan",3284
"119","Ivanhoe","1/34 Edwin St",3,"h",785000,"S","Miles","7/11/2016",7.9,3079,3,2,0,399,110,1950,"Banyule",-37.7551,145.05,"Eastern Metropolitan",5549
"394","Essendon","42 Fitzgerald Rd",3,"h",1131000,"S","Frank","20/05/2017",8,3040,3,1,1,387,135,1900,"Moonee Valley",-37.755,144.9272,"Western Metropolitan",9264
"85","Footscray","31 Southampton St",3,"h",860500,"S","Burnham","17/09/2016",6.4,3011,3,2,2,322,228,1980,"Maribyrnong",-37.7963,144.8862,"Western Metropolitan",7570
"365","West Footscray","140 Essex St",2,"h",912500,"S","Village","3/12/2016",8.2,3012,2,1,1,444,98,1940,"Maribyrnong",-37.7933,144.876,"Western Metropolitan",5058
"527","Avondale Heights","55 Ridge Dr",5,"h",8e+05,"VB","Barry","22/07/2017",9.5,3034,5,2,3,577,166,1985,"Moonee Valley",-37.75261,144.85631,"Western Metropolitan",4502
"545","Altona North","95 Marion St",3,"h",1070000,"PI","RT","3/09/2017",9.4,3025,3,1,3,693,134,1950,"",-37.83511,144.84905,"Western Metropolitan",5132
"26","Ascot Vale","21A Geddes St",3,"h",1037500,"S","Alexkarbon","19/11/2016",5.9,3032,3,1,2,506,110,1920,"Moonee Valley",-37.7779,144.9133,"Western Metropolitan",6567
"252","Spotswood","10 Raleigh St",3,"h",855000,"S","RT","6/08/2016",7.7,3015,3,1,1,326,112,1991,"Hobsons Bay",-37.831,144.8884,"Western Metropolitan",1223
"463","Strathmore","77 Hillsyde Pde",2,"h",790000,"S","Considine","3/06/2017",8.2,3041,2,2,1,213,120,1990,"Moonee Valley",-37.73519,144.92374,"Western Metropolitan",3284
"438","Yarraville","183 Stephen St",3,"h",970000,"S","Raine","20/05/2017",7,3013,3,2,0,354,135,1930,"Maribyrnong",-37.8212,144.8937,"Western Metropolitan",6543
"249","Seddon","54 Charles St",3,"h",1032000,"SP","Village","25/02/2017",6.6,3011,3,1,0,224,136,1900,"Maribyrnong",-37.8067,144.8934,"Western Metropolitan",2417
"17","Ascot Vale","52 Monash St",3,"h",1425000,"PI","Jellis","13/08/2016",5.9,3032,3,2,2,495,139,1920,"Moonee Valley",-37.7821,144.9055,"Western Metropolitan",6567
"567","Yarraville","9 Hawkhurst St",3,"h",1190000,"SP","Jas","16/09/2017",6.3,3013,3,1,2,515,89,1955,"",-37.82067,144.87725,"Western Metropolitan",6543
"36","Ascot Vale","17 Ascot St",2,"h",705000,"PI","Nelson","27/06/2016",5.9,3032,2,1,3,252,108,1910,"Moonee Valley",-37.7825,144.9206,"Western Metropolitan",6567
"93","Footscray","24 Dudley St",3,"h",850000,"SP","Village","25/02/2017",6.4,3011,3,1,0,190,99,1930,"Maribyrnong",-37.795,144.883,"Western Metropolitan",7570
"1","Ascot Vale","30 Rothwell St",3,"h",940000,"S","Nelson","3/12/2016",5.9,3032,3,1,2,298,108,1920,"Moonee Valley",-37.7777,144.9195,"Western Metropolitan",6567
"488","Rosanna","9 Darvall St",3,"h",1100000,"PI","Fletchers","27/05/2017",8.9,3084,3,2,2,468,212,1985,"Banyule",-37.74088,145.06285,"Eastern Metropolitan",3540
"117","Heidelberg West","262 Liberty Pde",3,"h",465000,"S","Ray","28/08/2016",9.4,3081,2,1,1,413,85,1960,"Banyule",-37.7399,145.0369,"Eastern Metropolitan",2674
"135","Maidstone","2/120 Suffolk St",2,"h",502000,"SP","Sweeney","8/10/2016",9.2,3012,2,1,1,144,79,2005,"Maribyrnong",-37.7895,144.8667,"Western Metropolitan",3873
"569","Strathmore Heights","7 Caravelle Cr",3,"h",1e+06,"S","Considine","19/08/2017",8.2,3041,3,1,2,534,149,1960,"",-37.71106,144.89427,"Western Metropolitan",389
"427","West Footscray","91 Suffolk St",2,"h",888000,"PI","Sweeney","20/05/2017",8.2,3012,2,1,2,401,113.81,1945,"Maribyrnong",-37.7903,144.8703,"Western Metropolitan",5058
"59","Essendon","24A Daisy St",2,"h",930000,"S","Barry","18/03/2017",8,3040,2,1,2,225,107,1990,"Moonee Valley",-37.7548,144.9113,"Western Metropolitan",9264
"514","Eaglemont","104 Studley Rd",3,"h",1440000,"S","Miles","15/07/2017",8.9,3084,3,1,2,598,116,1955,"Banyule",-37.76093,145.056,"Eastern Metropolitan",1651
"288","Williamstown","33 Cecil St",3,"h",1310000,"S","Sweeney","24/09/2016",8,3016,3,2,1,185,139,1900,"Hobsons Bay",-37.8664,144.9072,"Western Metropolitan",6380
"528","Bellfield","9 Sullivan St",2,"h",906000,"S","Miles","22/07/2017",8.8,3081,2,1,1,617,109.98,1960,"Banyule",-37.7528,145.04444,"Eastern Metropolitan",790
"570","West Footscray","27 Busch St",4,"h",990000,"S","RW","19/08/2017",6.4,3012,4,2,2,501,129,1960,"",-37.79591,144.87595,"Western Metropolitan",5058
"576","West Footscray","702 Barkly St",3,"h",840000,"PI","Hodges","23/09/2017",6.4,3012,3,1,3,336,95,1950,"",-37.79613,144.86742,"Western Metropolitan",5058
"43","Essendon","15 Albion St",4,"h",9e+05,"SP","Nelson","4/03/2017",8,3040,4,2,1,288,210,1980,"Moonee Valley",-37.7562,144.9286,"Western Metropolitan",9264
"468","Avondale Heights","24 Doyle St",3,"h",750000,"SP","Moonee","17/06/2017",9.5,3034,3,1,1,585,30,1965,"Moonee Valley",-37.75986,144.85886,"Western Metropolitan",4502
"456","Essendon","27 Miller St",3,"h",1320000,"S","Rendina","3/06/2017",7.5,3040,3,2,1,276,149,1910,"Moonee Valley",-37.75126,144.89558,"Western Metropolitan",9264
"305","Yarraville","3 Cuming St",2,"h",856000,"S","Greg","4/06/2016",7,3013,2,1,1,261,100,1880,"Maribyrnong",-37.8157,144.887,"Western Metropolitan",6543
"200","Newport","53 River St",4,"h",1260000,"PI","Village","7/05/2016",8.4,3015,4,1,3,757,159,1960,"Hobsons Bay",-37.8411,144.889,"Western Metropolitan",5498
"146","Maidstone","14 Howard St",4,"h",773000,"S","Biggin","30/07/2016",9.2,3012,4,1,2,333,137,1970,"Maribyrnong",-37.7893,144.8818,"Western Metropolitan",3873
"384","West Footscray","121 Suffolk St",3,"h",878000,"S","Village","30/07/2016",8.2,3012,3,1,1,397,127,1960,"Maribyrnong",-37.7901,144.8682,"Western Metropolitan",5058
"15","Ascot Vale","26 Newsom St",3,"h",1e+06,"PI","Brad","12/11/2016",5.9,3032,3,2,2,440,120,1955,"Moonee Valley",-37.7746,144.9031,"Western Metropolitan",6567
"177","Moonee Ponds","61 Steele St",4,"h",1361500,"S","Rendina","10/12/2016",6.9,3039,4,1,2,453,145,1920,"Moonee Valley",-37.7698,144.9336,"Western Metropolitan",6232
"164","Maribyrnong","31 Monash St",4,"h",1030000,"S","Jas","28/05/2016",8.7,3032,4,2,1,573,196,1925,"Maribyrnong",-37.7844,144.8876,"Western Metropolitan",4918
"194","Newport","70 Market St",4,"h",710000,"S","Greg","4/06/2016",8.4,3015,4,1,2,329,108,1955,"Hobsons Bay",-37.847,144.8788,"Western Metropolitan",5498
"62","Essendon","7 Hilda St",3,"h",1150000,"S","Paul","26/07/2016",8,3040,3,1,0,300,145,1900,"Moonee Valley",-37.7548,144.9315,"Western Metropolitan",9264
"227","Newport","10 Crawford St",1,"h",643700,"SP","Greg","28/08/2016",8.4,3015,1,1,0,129,45,1900,"Hobsons Bay",-37.8491,144.8903,"Western Metropolitan",5498
"583","Moonee Ponds","53 Moore St",4,"h",1305000,"SP","Biggin","26/08/2017",6.2,3039,4,1,1,449,129,1910,"",-37.77081,144.92074,"Western Metropolitan",6232
"278","Strathmore","138a Lebanon St",2,"h",630000,"S","Barry","22/05/2016",9.7,3041,3,2,1,378,106,2000,"Moonee Valley",-37.7245,144.9097,"Western Metropolitan",3284
"241","Seddon","258 Nicholson St",3,"h",920000,"VB","Jas","16/07/2016",6.6,3011,3,2,1,309,149,1910,"Maribyrnong",-37.807,144.898,"Western Metropolitan",2417
"281","Williamstown","110 Bayview St",3,"h",1200000,"S","RT","4/06/2016",8,3016,3,2,2,315,174,1990,"Hobsons Bay",-37.8595,144.8868,"Western Metropolitan",6380
"586","Yarraville","6 Agnes St",4,"h",1285000,"SP","Village","26/08/2017",6.3,3013,4,1,1,362,112,1920,"",-37.81188,144.88449,"Western Metropolitan",6543
"22","Ascot Vale","57 The Parade",3,"h",940000,"S","Nelson","16/04/2016",5.9,3032,3,3,1,491,127,1950,"Moonee Valley",-37.7727,144.9136,"Western Metropolitan",6567
"259","Spotswood","154 Hudsons Rd",4,"h",1315000,"S","hockingstuart","18/06/2016",7.7,3015,4,2,3,830,134,1920,"Hobsons Bay",-37.829,144.8807,"Western Metropolitan",1223
"475","Ascot Vale","18 McCully St",3,"h",990000,"S","Brad","24/06/2017",4.3,3032,3,1,0,196,102,1900,"Moonee Valley",-37.77552,144.92022,"Western Metropolitan",6567
"337","Yarraville","6/37 Stephen St",3,"h",940000,"S","Village","28/08/2016",7,3013,3,2,2,171,146,2007,"Maribyrnong",-37.8124,144.8957,"Western Metropolitan",6543
"130","Ivanhoe","79 Marshall St",4,"h",1460000,"S","Miles","24/09/2016",7.9,3079,4,1,2,605,181,1940,"Banyule",-37.7707,145.0467,"Eastern Metropolitan",5549
"345","Bellfield","129 Liberty Pde",3,"h",625000,"PI","Nelson","28/05/2016",9.5,3081,3,1,2,609,93,1950,"Banyule",-37.7504,145.0335,"Eastern Metropolitan",790
"292","Williamstown North","18 Inglis St",3,"h",1225000,"SP","Raine","27/11/2016",8.9,3016,3,1,1,311,126,1920,"Hobsons Bay",-37.8546,144.8762,"Western Metropolitan",802
"575","Seddon","201 Buckley St",2,"h",680000,"S","hockingstuart","23/09/2017",5.1,3011,2,1,0,298,88,1900,"",-37.80257,144.88811,"Western Metropolitan",2417
"447","Williamstown North","4 Walter St",3,"h",1045000,"S","Williams","29/04/2017",8.9,3016,3,2,3,526,159,1990,"Hobsons Bay",-37.855,144.8742,"Western Metropolitan",802
"189","Moonee Ponds","36 Scotia St",3,"h",850000,"S","Nelson","26/07/2016",6.9,3039,3,2,1,271,143,1915,"Moonee Valley",-37.7682,144.9058,"Western Metropolitan",6232
"462","South Kingsville","76 Saltley St",3,"h",790000,"S","McGrath","3/06/2017",6.2,3015,3,2,2,334,129,2003,"Hobsons Bay",-37.83137,144.86731,"Western Metropolitan",984
"518","Maidstone","20 Jackson St",3,"h",930000,"S","Jas","15/07/2017",6.4,3012,3,1,4,545,116,1940,"Maribyrnong",-37.78571,144.87346,"Western Metropolitan",3873
"417","Newport","195 Blackshaws Rd",3,"h",975000,"S","RT","13/05/2017",8.4,3015,3,2,2,333,192,2010,"Hobsons Bay",-37.8334,144.8673,"Western Metropolitan",5498
"310","Yarraville","2/8 Hughes St",2,"h",630000,"PI","Jas","8/10/2016",7,3013,2,1,1,148,79,2003,"Maribyrnong",-37.822,144.89,"Western Metropolitan",6543
"421","Strathmore","18 Strathaird St",4,"h",810000,"PI","Nelson","6/05/2017",9.7,3041,4,1,1,543,137,1960,"Moonee Valley",-37.7199,144.9044,"Western Metropolitan",3284
"162","Maribyrnong","75 Edgewater Bvd",3,"h",820000,"PI","Biggin","28/05/2016",8.7,3032,3,2,2,203,160,2006,"Maribyrnong",-37.7853,144.8972,"Western Metropolitan",4918
"116","Heidelberg West","22 Kokoda St",2,"h",725000,"S","Haughton","27/11/2016",9.4,3081,2,1,3,632,77,1960,"Banyule",-37.7443,145.0462,"Eastern Metropolitan",2674
"385","South Kingsville","42 Watt St",4,"h",930000,"S","Sweeney","4/06/2016",9.1,3015,5,1,3,669,143,1950,"Hobsons Bay",-37.8305,144.8736,"Western Metropolitan",984
"525","Ascot Vale","67 The Parade",2,"h",1035000,"S","Alexkarbon","22/07/2017",4.3,3032,2,1,1,319,117,1900,"Moonee Valley",-37.77266,144.9131,"Western Metropolitan",6567
"183","Moonee Ponds","61 Athol St",3,"h",1400000,"SP","Brad","16/04/2016",6.9,3039,3,2,2,394,160,1890,"Moonee Valley",-37.7699,144.9149,"Western Metropolitan",6232
"430","Williamstown","8 Princes St",3,"h",1150000,"SP","Jas","8/04/2017",8,3016,3,1,0,308,120,1900,"Hobsons Bay",-37.8526,144.895,"Western Metropolitan",6380
"338","Aberfeldie","21 May St",4,"h",1346000,"S","Nelson","8/10/2016",9.1,3040,2,2,2,559,204,1995,"Moonee Valley",-37.7614,144.8925,"Western Metropolitan",1543
"312","Yarraville","64 Bishop St",3,"h",1055000,"S","hockingstuart","16/04/2016",7,3013,3,1,3,670,116,1940,"Maribyrnong",-37.8134,144.8745,"Western Metropolitan",6543
"446","Williamstown North","5 Nicosia Ct",3,"h",1070000,"PI","Williams","8/04/2017",8.9,3016,3,2,5,442,249,2003,"Hobsons Bay",-37.8538,144.8722,"Western Metropolitan",802
"498","Essendon","13 Gordon St",3,"h",1398000,"SP","Barry","8/07/2017",7.5,3040,3,2,1,445,182,1960,"Moonee Valley",-37.75621,144.93401,"Western Metropolitan",9264
"422","Strathmore","8 Jones Ct",3,"h",1021000,"S","Considine","8/04/2017",9.7,3041,3,2,2,371,183,2014,"Moonee Valley",-37.7229,144.9055,"Western Metropolitan",3284
"445","Spotswood","14 Robb St",3,"h",1100000,"SP","Greg","13/05/2017",7.7,3015,3,1,0,305,115,1900,"Hobsons Bay",-37.8312,144.8893,"Western Metropolitan",1223
"351","Essendon West","53 Clydebank Rd",3,"h",1115000,"S","Barry","30/07/2016",9.8,3040,3,1,1,688,192,1950,"Moonee Valley",-37.7577,144.8892,"Western Metropolitan",588
"502","Spotswood","64 Craig St",2,"h",802000,"S","McGrath","8/07/2017",6.2,3015,2,1,1,174,100.6,1900,"Hobsons Bay",-37.83162,144.88742,"Western Metropolitan",1223
"440","Yarraville","2C Castlemaine St",3,"h",1425000,"PI","Jas","29/04/2017",7,3013,3,3,2,305,220,2007,"Maribyrnong",-37.8149,144.8942,"Western Metropolitan",6543
"245","Seddon","93 Williamstown Rd",5,"h",1275000,"SP","Jas","18/03/2017",6.6,3011,5,3,1,386,218,1890,"Maribyrnong",-37.8078,144.8846,"Western Metropolitan",2417
"300","Yarraville","76 Bishop St",4,"h",1235000,"SP","Jas","4/03/2017",7,3013,4,2,2,244,206,2011,"Maribyrnong",-37.8139,144.8741,"Western Metropolitan",6543
"279","Strathmore","34 Glenview Rd",4,"h",1370000,"S","Nelson","28/05/2016",9.7,3041,4,2,2,908,208,1960,"Moonee Valley",-37.735,144.9203,"Western Metropolitan",3284
"223","Newport","65 Alma Tce",2,"h",890000,"SP","Williams","25/02/2017",8.4,3015,2,1,0,168,90,1900,"Hobsons Bay",-37.8475,144.8897,"Western Metropolitan",5498
"222","Newport","14 Oakbank St",2,"h",896000,"S","RT","24/09/2016",8.4,3015,2,1,0,297,95,1900,"Hobsons Bay",-37.8501,144.8931,"Western Metropolitan",5498
"428","West Footscray","1 Dongola Rd",3,"h",935000,"S","Jas","22/04/2017",8.2,3012,3,1,2,325,102,1925,"Maribyrnong",-37.7922,144.8818,"Western Metropolitan",5058
"432","Yarraville","8 Gordon Pde",3,"h",990000,"S","Jas","6/05/2017",7,3013,3,1,2,340,119,1940,"Maribyrnong",-37.8227,144.8827,"Western Metropolitan",6543
"325","Yarraville","443 Geelong Rd",3,"h",725000,"S","Sweeney","24/09/2016",7,3013,3,1,5,558,128,1940,"Maribyrnong",-37.8119,144.868,"Western Metropolitan",6543
"330","Yarraville","38 Benbow St",2,"h",780000,"S","Hunter","27/06/2016",7,3013,2,1,1,435,114,1950,"Maribyrnong",-37.8223,144.8779,"Western Metropolitan",6543
"556","Yarraville","96 Pentland Pde",3,"h",1100000,"VB","hockingstuart","9/09/2017",6.3,3013,3,1,0,221,137,1948,"",-37.81284,144.89159,"Western Metropolitan",6543
"238","Seddon","64 Pilgrim St",3,"h",880000,"SP","Jas","15/10/2016",6.6,3011,3,1,0,216,125,1890,"Maribyrnong",-37.8052,144.8941,"Western Metropolitan",2417
"472","Heidelberg Heights","1/5 Glover St",3,"h",590000,"S","Victory","17/06/2017",8.8,3081,3,1,2,290,105,1950,"Banyule",-37.7368,145.05048,"Eastern Metropolitan",2947
"551","Kingsville","165 Chirnside St",3,"h",1100000,"PI","Jas","9/09/2017",6.4,3012,3,2,0,275,122,1910,"",-37.81196,144.88209,"Western Metropolitan",1808
"470","Essendon","11 Waverley St",4,"h",1155000,"PI","Brad","17/06/2017",7.5,3040,4,1,3,616,170,1900,"Moonee Valley",-37.75728,144.90723,"Western Metropolitan",9264
"387","South Kingsville","2/3 New St",2,"h",420000,"SP","Jas","26/07/2016",9.1,3015,2,1,1,78,130,1980,"Hobsons Bay",-37.8262,144.8677,"Western Metropolitan",984
"452","Seddon","57 Charles St",2,"h",850000,"VB","Village","1/07/2017",5.1,3011,2,1,1,152,91,1910,"Maribyrnong",-37.80697,144.8928,"Western Metropolitan",2417
"242","Seddon","70 Station Rd",3,"h",875000,"S","Jas","16/07/2016",6.6,3011,3,2,2,193,154,2000,"Maribyrnong",-37.8065,144.8866,"Western Metropolitan",2417
"58","Essendon","2 McHale Ct",2,"h",1065000,"VB","Nelson","17/09/2016",8,3040,2,1,2,477,143,1960,"Moonee Valley",-37.7503,144.911,"Western Metropolitan",9264
"260","Spotswood","6 Abbott St",4,"h",1161000,"S","Williams","25/02/2017",7.7,3015,4,2,5,742,236,2000,"Hobsons Bay",-37.8248,144.8707,"Western Metropolitan",1223
"535","Newport","102 Market St",3,"h",1100000,"VB","Williams","22/07/2017",6.2,3015,3,2,3,449,154.3,1940,"Hobsons Bay",-37.84769,144.87667,"Western Metropolitan",5498
"129","Ivanhoe","103 Waterdale Rd",3,"h",1225000,"SP","Miles","23/04/2016",7.9,3079,3,1,1,572,130,1930,"Banyule",-37.7709,145.0425,"Eastern Metropolitan",5549
"293","Yarraville","13 Benbow St",3,"h",1e+06,"S","Jas","3/09/2016",7,3013,3,2,1,448,147,1940,"Maribyrnong",-37.8228,144.8799,"Western Metropolitan",6543
"497","Eaglemont","129 Banksia St",3,"h",1300000,"VB","Nelson","8/07/2017",8.9,3084,3,1,2,615,138,1950,"Banyule",-37.75825,145.05438,"Eastern Metropolitan",1651
"181","Moonee Ponds","29 Winchester St",2,"h",1015000,"S","Nelson","14/05/2016",6.9,3039,2,1,1,228,125,1910,"Moonee Valley",-37.7685,144.9183,"Western Metropolitan",6232
"127","Ivanhoe","13 Jellicoe St",3,"h",1275000,"VB","Nelson","22/05/2016",7.9,3079,3,2,2,834,169,1950,"Banyule",-37.7587,145.0426,"Eastern Metropolitan",5549
"128","Ivanhoe","15 Kwinana Ct",3,"h",1223500,"S","Nelson","22/08/2016",7.9,3079,3,2,2,721,136,1980,"Banyule",-37.758,145.0408,"Eastern Metropolitan",5549
"441","Yarraville","40 Kingston St",3,"h",872500,"SP","Jas","29/04/2017",7,3013,3,1,2,189,85,1920,"Maribyrnong",-37.8145,144.8808,"Western Metropolitan",6543
"280","Williamstown","46 Pasco St",4,"h",1400000,"S","Gunn&Co","3/09/2016",8,3016,4,2,1,320,160,1950,"Hobsons Bay",-37.8613,144.8988,"Western Metropolitan",6380
"346","Essendon West","17 Hoffmans Rd",4,"h",1422000,"S","Nelson","4/06/2016",9.8,3040,4,2,2,505,335,2013,"Moonee Valley",-37.7518,144.8897,"Western Metropolitan",588
"68","Footscray","4 Adelaide St",4,"h",1225000,"SP","Nelson","3/12/2016",6.4,3011,4,2,1,319,130,1915,"Maribyrnong",-37.7943,144.8875,"Western Metropolitan",7570
"199","Newport","82 Charlotte St",3,"h",880000,"S","Sweeney","7/05/2016",8.4,3015,3,1,1,557,111,1950,"Hobsons Bay",-37.834,144.8668,"Western Metropolitan",5498
"178","Moonee Ponds","19 Sussex St",2,"h",945000,"S","Nelson","10/12/2016",6.9,3039,2,1,0,225,97,1890,"Moonee Valley",-37.7639,144.9093,"Western Metropolitan",6232
"317","Yarraville","52 Severn St",3,"h",865000,"SP","Jas","18/06/2016",7,3013,3,1,1,189,87,1930,"Maribyrnong",-37.8159,144.8795,"Western Metropolitan",6543
"203","Newport","7 Effingham Rd",3,"h",1305000,"S","Greg","10/12/2016",8.4,3015,3,1,0,357,112,1900,"Hobsons Bay",-37.8459,144.8877,"Western Metropolitan",5498
"495","Braybrook","14 Enderby Ct",3,"h",797000,"S","Douglas","8/07/2017",8.6,3019,3,1,2,694,110,1960,"Maribyrnong",-37.79382,144.85107,"Western Metropolitan",3589
"582","Maidstone","3 Wallace St",3,"h",735000,"S","Biggin","26/08/2017",6.4,3012,3,1,1,167,110,2010,"",-37.78817,144.87873,"Western Metropolitan",3873
"492","Williamstown North","6 Edina St",3,"h",862000,"SP","Greg","27/05/2017",6.8,3016,3,1,1,353,85.35,1940,"Hobsons Bay",-37.85432,144.88214,"Western Metropolitan",802
"258","Spotswood","13 Robb St",3,"h",831000,"S","Biggin","16/04/2016",7.7,3015,3,1,0,353,109,1890,"Hobsons Bay",-37.8309,144.889,"Western Metropolitan",1223
"340","Aberfeldie","4 Brunel Ct",3,"h",1190000,"S","Barry","17/09/2016",9.1,3040,3,1,1,465,115,1950,"Moonee Valley",-37.7626,144.8954,"Western Metropolitan",1543
"23","Ascot Vale","62 Mirams St",3,"h",890000,"SP","Brad","16/07/2016",5.9,3032,3,1,1,242,110,1920,"Moonee Valley",-37.7765,144.9114,"Western Metropolitan",6567
"476","Avondale Heights","7A Downland Sq",4,"h",773000,"S","Moonee","24/06/2017",9.5,3034,4,2,2,344,235,2004,"Moonee Valley",-37.75861,144.86687,"Western Metropolitan",4502
"82","Footscray","53 Ryan St",2,"h",1170000,"S","Sweeney","15/10/2016",6.4,3011,2,1,1,184,103,1900,"Maribyrnong",-37.7988,144.902,"Western Metropolitan",7570
"482","Essendon","1B Ogilvie St",3,"h",886000,"S","Nelson","27/05/2017",7.5,3040,3,2,1,173,107,2007,"Moonee Valley",-37.75382,144.89167,"Western Metropolitan",9264
"247","Seddon","4 webster St",4,"h",1455000,"SP","Jas","19/11/2016",6.6,3011,4,2,3,571,198,1920,"Maribyrnong",-37.809,144.8865,"Western Metropolitan",2417
"454","West Footscray","15 Alberta St",3,"h",845000,"PI","Jas","1/07/2017",6.4,3012,3,1,2,422,109,1950,"Maribyrnong",-37.79644,144.86388,"Western Metropolitan",5058
"91","Footscray","49 MacPherson St",2,"h",661000,"S","Sweeney","22/08/2016",6.4,3011,2,1,1,132,83,1970,"Maribyrnong",-37.7946,144.8903,"Western Metropolitan",7570
"51","Essendon","62 Mary St",3,"h",855000,"S","Nelson","12/06/2016",8,3040,3,1,2,396,116,1950,"Moonee Valley",-37.7484,144.8907,"Western Metropolitan",9264
"2","Ascot Vale","7 Francis St",3,"h",1380000,"SP","Nelson","4/03/2017",5.9,3032,3,2,2,277,174,1910,"Moonee Valley",-37.7777,144.9221,"Western Metropolitan",6567
"114","Heidelberg West","16 Achilles St",3,"h",1375000,"PI","Ray","23/04/2016",9.4,3081,3,1,1,368,106,1960,"Banyule",-37.7344,145.044,"Eastern Metropolitan",2674
"499","Ivanhoe","207 Waterdale Rd",2,"h",1320000,"S","Miles","8/07/2017",7.8,3079,2,1,0,620,114,1920,"Banyule",-37.76091,145.04437,"Eastern Metropolitan",5549
"25","Ascot Vale","95 Walter St",4,"h",1480000,"S","Raine","17/09/2016",5.9,3032,4,2,2,597,180,1939,"Moonee Valley",-37.7757,144.9088,"Western Metropolitan",6567
"533","Maidstone","12 Inkerman St",3,"h",1005000,"S","Sweeney","22/07/2017",6.4,3012,3,1,5,653,109,1930,"Maribyrnong",-37.78639,144.88214,"Western Metropolitan",3873
"473","Viewbank","28 Kuranga Rd",3,"h",940000,"SA","Nelson","17/06/2017",8.9,3084,3,2,2,541,540,1960,"Banyule",-37.73136,145.09562,"Eastern Metropolitan",2698
"215","Newport","94 Mason St",2,"h",801000,"SP","Williams","18/06/2016",8.4,3015,1,1,1,343,106,1920,"Hobsons Bay",-37.8414,144.8752,"Western Metropolitan",5498
"131","Maidstone","27 Dunedin St",3,"h",715000,"S","Burnham","3/09/2016",9.2,3012,3,1,1,576,128,1970,"Maribyrnong",-37.7808,144.8678,"Western Metropolitan",3873
"388","Travancore","61 Mooltan St",3,"h",1257000,"S","Jellis","13/08/2016",5.3,3032,3,2,1,337,153,1930,"Moonee Valley",-37.7813,144.9371,"Western Metropolitan",1052
"80","Footscray","36 Windsor St",3,"h",932000,"S","Jas","13/08/2016",6.4,3011,2,1,1,451,130,1910,"Maribyrnong",-37.8023,144.8915,"Western Metropolitan",7570
"264","Spotswood","59 Hope St",4,"h",871500,"PI","Jas","28/08/2016",7.7,3015,4,2,0,389,158,1990,"Hobsons Bay",-37.8284,144.8861,"Western Metropolitan",1223
"329","Yarraville","38 Simpson St",3,"h",1275000,"SP","Village","25/02/2017",7,3013,3,1,2,229,128,1910,"Maribyrnong",-37.8172,144.8919,"Western Metropolitan",6543
"563","Newport","8 Brown St",4,"h",1210000,"S","Sweeney","16/09/2017",6.2,3015,4,1,0,325,160,1983,"",-37.84373,144.88604,"Western Metropolitan",5498
"379","West Footscray","23 Fontein St",2,"h",850000,"S","Sweeney","22/05/2016",8.2,3012,2,1,2,462,101,1960,"Maribyrnong",-37.8009,144.8653,"Western Metropolitan",5058
"204","Newport","21 Croker St",3,"h",810000,"S","Williams","12/11/2016",8.4,3015,3,1,1,390,84,1970,"Hobsons Bay",-37.847,144.8734,"Western Metropolitan",5498
"395","Essendon","2/2 Roberts St",3,"h",960000,"PI","Barry","22/04/2017",8,3040,3,2,1,411,159,1990,"Moonee Valley",-37.7544,144.8986,"Western Metropolitan",9264
"553","Moonee Ponds","13 Hudson St",3,"h",1205000,"S","Nelson","9/09/2017",6.2,3039,3,1,1,375,118,1910,"",-37.76464,144.91035,"Western Metropolitan",6232
"559","Kingsville","70 Chirnside St",4,"h",1140000,"SP","Jas","16/09/2017",6.4,3012,4,1,0,276,118,1915,"",-37.80774,144.88251,"Western Metropolitan",1808
"302","Yarraville","109 Powell St",3,"h",1320000,"S","Jas","4/03/2017",7,3013,3,2,2,473,171,1920,"Maribyrnong",-37.8217,144.8842,"Western Metropolitan",6543
"97","Footscray","4 Adelaide St",4,"h",1225000,"SP","Nelson","27/11/2016",6.4,3011,4,2,1,319,130,1915,"Maribyrnong",-37.7943,144.8875,"Western Metropolitan",7570
"107","Heidelberg West","186 Oriel Rd",3,"h",8e+05,"S","Haughton","12/11/2016",9.4,3081,3,1,3,633,88,1950,"Banyule",-37.746,145.0422,"Eastern Metropolitan",2674
"381","West Footscray","44 Clive St",3,"h",1151500,"SP","Sweeney","26/07/2016",8.2,3012,4,1,2,536,113,1925,"Maribyrnong",-37.7978,144.8743,"Western Metropolitan",5058
"65","Essendon","21 Miller St",3,"h",1445000,"S","Nelson","28/08/2016",8,3040,3,2,1,400,168,1910,"Moonee Valley",-37.7542,144.9117,"Western Metropolitan",9264
"121","Ivanhoe","24 Dalveen Rd",2,"h",1020000,"S","Buckingham","10/09/2016",7.9,3079,2,1,1,557,78,1955,"Banyule",-37.7568,145.0355,"Eastern Metropolitan",5549
"98","Footscray","8 Dudley St",3,"h",767500,"S","Sweeney","28/05/2016",6.4,3011,3,2,0,458,98,1930,"Maribyrnong",-37.7942,144.8832,"Western Metropolitan",7570
"415","Moonee Ponds","25 George St",4,"h",955000,"S","Woodards","29/04/2017",6.9,3039,4,2,3,431,246,1910,"Moonee Valley",-37.7615,144.9094,"Western Metropolitan",6232
"360","Kingsville","74 Chirnside St",3,"h",1340000,"S","Jas","19/11/2016",7.8,3012,3,2,0,272,132,1915,"Maribyrnong",-37.8079,144.8825,"Western Metropolitan",1808
"572","Heidelberg","6 Clyde Ct",3,"h",985000,"S","Nelson","23/09/2017",8.9,3084,3,1,2,528,118,1955,"",-37.74821,145.06933,"Eastern Metropolitan",2890
"40","Essendon","6 Buckley St",3,"h",1425000,"S","Jellis","3/09/2016",8,3040,3,2,2,684,147,1950,"Moonee Valley",-37.7585,144.9317,"Western Metropolitan",9264
"185","Moonee Ponds","31 Wordsworth St",4,"h",1345000,"SP","Brad","18/06/2016",6.9,3039,4,2,2,313,193,1910,"Moonee Valley",-37.7709,144.9288,"Western Metropolitan",6232
"423","Strathmore","186 Mascoma St",5,"h",910000,"SP","Brad","8/04/2017",9.7,3041,5,2,2,533,204,1965,"Moonee Valley",-37.7189,144.9044,"Western Metropolitan",3284
"224","Newport","42 Farm St",3,"h",1151000,"S","Williams","27/06/2016",8.4,3015,2,1,5,571,120,1920,"Hobsons Bay",-37.8417,144.8896,"Western Metropolitan",5498
"585","Williamstown","77 Merrett Dr",3,"h",1031000,"SP","Williams","26/08/2017",6.8,3016,3,2,2,333,133,1995,"",-37.85927,144.87904,"Western Metropolitan",6380
"443","Yarraville","10 Salisbury St",3,"h",950000,"S","Sweeney","29/04/2017",7,3013,3,2,2,287,210.68,2002,"Maribyrnong",-37.8233,144.8825,"Western Metropolitan",6543
"366","West Footscray","29 Devonshire St",4,"h",710000,"PI","Sweeney","4/03/2017",8.2,3012,4,1,1,255,131,1920,"Maribyrnong",-37.7906,144.8687,"Western Metropolitan",5058
"285","Williamstown","112 Crofton Dr",4,"h",1330000,"S","Williams","12/11/2016",8,3016,4,3,2,217,266,2003,"Hobsons Bay",-37.8634,144.8796,"Western Metropolitan",6380
"520","Yarraville","17 Adeney St",3,"h",982500,"S","Village","15/07/2017",6.3,3013,3,2,2,444,122,1945,"Maribyrnong",-37.81662,144.866,"Western Metropolitan",6543
"297","Yarraville","160 Hyde St",3,"h",871000,"S","Jas","3/12/2016",7,3013,3,2,2,428,100,1965,"Maribyrnong",-37.8167,144.8965,"Western Metropolitan",6543
"217","Newport","8 Crawford St",2,"h",650000,"SP","Raine&Horne","22/05/2016",8.4,3015,2,1,1,149,62,1890,"Hobsons Bay",-37.8491,144.8903,"Western Metropolitan",5498
"323","Yarraville","9/11 Berry St",3,"h",955000,"S","Village","24/09/2016",7,3013,3,2,2,206,173,2006,"Maribyrnong",-37.8127,144.8965,"Western Metropolitan",6543
"358","Kingsville","52a Williamstown Rd",2,"h",730000,"S","Village","12/11/2016",7.8,3012,2,2,0,84,130,1900,"Maribyrnong",-37.8058,144.8846,"Western Metropolitan",1808
"571","West Footscray","11 Church St",3,"h",1100500,"S","Jas","19/08/2017",6.4,3012,3,2,2,427,119,1936,"",-37.79105,144.87914,"Western Metropolitan",5058
"24","Ascot Vale","67 Hurtle St",3,"h",1180000,"SP","Brad","17/09/2016",5.9,3032,3,2,2,617,149,1930,"Moonee Valley",-37.7742,144.906,"Western Metropolitan",6567
"254","Spotswood","18 Vernier St",2,"h",850000,"S","Jas","8/10/2016",7.7,3015,2,1,2,502,104,1950,"Hobsons Bay",-37.8263,144.8775,"Western Metropolitan",1223
"87","Footscray","224 Ballarat Rd",2,"h",690500,"SP","Rendina","19/11/2016",6.4,3011,2,1,1,212,98,1900,"Maribyrnong",-37.7903,144.8879,"Western Metropolitan",7570
"461","Seddon","17 Tennyson St",3,"h",1180000,"SP","Biggin","3/06/2017",5.1,3011,3,1,0,198,124,1910,"Maribyrnong",-37.80779,144.88887,"Western Metropolitan",2417
"334","Yarraville","30 Simpson St",3,"h",1460000,"SP","Village","28/05/2016",7,3013,3,1,2,463,119,1900,"Maribyrnong",-37.8172,144.8924,"Western Metropolitan",6543
"522","Altona North","12 Chambers Rd",3,"h",830000,"SP","RT","22/07/2017",9.4,3025,3,2,2,529,130,1965,"Hobsons Bay",-37.84107,144.84179,"Western Metropolitan",5132
"309","Yarraville","31 Frederick St",4,"h",1320000,"SP","Village","7/05/2016",7,3013,4,2,1,319,171,1915,"Maribyrnong",-37.8197,144.8957,"Western Metropolitan",6543
"414","Moonee Ponds","65 Darling St",3,"h",1240000,"S","McDonald","29/04/2017",6.9,3039,3,2,2,275,106,1880,"Moonee Valley",-37.767,144.9108,"Western Metropolitan",6232
"291","Williamstown","19 MacLean St",4,"h",1300000,"PI","Sweeney","27/06/2016",8,3016,4,2,2,369,250,1980,"Hobsons Bay",-37.8576,144.8992,"Western Metropolitan",6380
"373","West Footscray","12 Stonemark Ct",3,"h",910000,"S","Biggin","11/02/2017",8.2,3012,3,1,1,412,162,1980,"Maribyrnong",-37.7941,144.881,"Western Metropolitan",5058
"213","Newport","16 Blenheim Rd",3,"h",1176000,"S","hockingstuart","18/06/2016",8.4,3015,3,1,2,767,111,1960,"Hobsons Bay",-37.8466,144.8636,"Western Metropolitan",5498
"526","Avondale Heights","49 Ridge Dr",3,"h",750000,"PI","Barry","22/07/2017",9.5,3034,3,1,2,561,103,1990,"Moonee Valley",-37.7528,144.85585,"Western Metropolitan",4502
"71","Footscray","37 Stirling St",3,"h",1362000,"S","Village","3/12/2016",6.4,3011,3,2,0,497,156,1890,"Maribyrnong",-37.7958,144.9024,"Western Metropolitan",7570
"515","Essendon West","384 Buckley St",3,"h",1410000,"PI","Jellis","15/07/2017",7.5,3040,3,2,1,585,198,1950,"Moonee Valley",-37.75374,144.88932,"Western Metropolitan",588
"558","Essendon","50 Ogilvie St",3,"h",1150000,"S","Brad","16/09/2017",7.5,3040,3,1,2,658,183,1950,"",-37.75009,144.89271,"Western Metropolitan",9264
"56","Essendon","11 McPhail St",2,"h",870000,"PI","Nelson","16/07/2016",8,3040,3,1,2,319,120,1920,"Moonee Valley",-37.7555,144.9118,"Western Metropolitan",9264
"66","Essendon","33 Ogilvie St",4,"h",1113000,"S","Brad","28/08/2016",8,3040,3,1,2,533,127,1950,"Moonee Valley",-37.7509,144.8922,"Western Metropolitan",9264
"320","Yarraville","2/382 Williamstown Rd",2,"h",630000,"S","Jas","19/11/2016",7,3013,2,2,2,168,121,2000,"Maribyrnong",-37.8225,144.8814,"Western Metropolitan",6543
"372","West Footscray","13 Soudan Rd",3,"h",840000,"S","Brad","10/12/2016",8.2,3012,3,1,1,442,123,1950,"Maribyrnong",-37.7914,144.8812,"Western Metropolitan",5058
"439","Yarraville","66 Drew St",2,"h",1256000,"S","hockingstuart","22/04/2017",7,3013,2,1,3,531,111,1940,"Maribyrnong",-37.8158,144.8707,"Western Metropolitan",6543
"448","Altona North","151 Chambers Rd",3,"h",9e+05,"S","Greg","1/07/2017",9.4,3025,3,1,2,672,110,1960,"Hobsons Bay",-37.8265,144.84386,"Western Metropolitan",5132
"16","Ascot Vale","8 Pentland St",3,"h",1435000,"S","Nelson","12/11/2016",5.9,3032,3,2,2,532,147,1950,"Moonee Valley",-37.7737,144.904,"Western Metropolitan",6567
"474","Ascot Vale","75B Bloomfield Rd",3,"h",1010000,"S","Brad","24/06/2017",4.3,3032,3,2,1,150,125,1990,"Moonee Valley",-37.77639,144.91666,"Western Metropolitan",6567
"151","Maribyrnong","33 Newstead St",3,"h",1320000,"S","Nelson","10/09/2016",8.7,3032,3,2,2,645,211,1900,"Maribyrnong",-37.7662,144.8971,"Western Metropolitan",4918
"70","Footscray","25 Southampton St",3,"h",840000,"S","Sweeney","3/12/2016",6.4,3011,3,1,0,164,93,1900,"Maribyrnong",-37.7959,144.8863,"Western Metropolitan",7570
"466","Yarraville","89 Ballarat St",2,"h",950000,"S","Jas","3/06/2017",6.3,3013,2,1,0,150,79,1900,"Maribyrnong",-37.81956,144.89054,"Western Metropolitan",6543
"304","Yarraville","6 Clarendon St",3,"h",910000,"S","Village","4/06/2016",7,3013,3,3,2,197,109,2013,"Maribyrnong",-37.8197,144.8875,"Western Metropolitan",6543
"490","Seddon","19 Station Rd",2,"h",940000,"S","Jellis","27/05/2017",5.1,3011,2,1,0,207,94,1910,"Maribyrnong",-37.8071,144.88912,"Western Metropolitan",2417
"113","Heidelberg West","5 Mulberry Pde",3,"h",646250,"S","Ray","22/05/2016",9.4,3081,3,1,2,616,18,1965,"Banyule",-37.747,145.0389,"Eastern Metropolitan",2674
"137","Maidstone","67 Norfolk St",3,"h",840000,"S","Nelson","10/12/2016",9.2,3012,3,1,1,584,81,1900,"Maribyrnong",-37.7885,144.8771,"Western Metropolitan",3873
"47","Essendon","65 Napier St",3,"h",1467000,"S","Greg","7/11/2016",8,3040,3,2,2,188,171,1900,"Moonee Valley",-37.7532,144.9178,"Western Metropolitan",9264
"268","Strathmore","34 Woodland St",3,"h",1194000,"S","Nelson","11/02/2017",9.7,3041,3,1,2,650,143,1930,"Moonee Valley",-37.7436,144.9308,"Western Metropolitan",3284
"29","Ascot Vale","78 Francis St",3,"h",1135000,"S","Brad","24/09/2016",5.9,3032,3,1,1,296,104,1910,"Moonee Valley",-37.777,144.9176,"Western Metropolitan",6567
"426","West Footscray","15 Rupert St",4,"h",1325000,"S","hockingstuart","8/04/2017",8.2,3012,4,2,4,525,188,1930,"Maribyrnong",-37.7994,144.8763,"Western Metropolitan",5058
"402","Heidelberg West","6 Normanby Ct",2,"h",613000,"S","Barry","13/05/2017",9.4,3081,2,1,0,391,74,1960,"Banyule",-37.7349,145.0398,"Eastern Metropolitan",2674
"403","Heidelberg West","373 Liberty Pde",3,"h",640000,"S","hockingstuart","20/05/2017",9.4,3081,3,1,2,476,200,1956,"Banyule",-37.7339,145.0405,"Eastern Metropolitan",2674
"187","Moonee Ponds","35 Athol St",3,"h",1425000,"SP","Brad","22/05/2016",6.9,3039,3,1,1,526,159,1900,"Moonee Valley",-37.7701,144.9172,"Western Metropolitan",6232
"459","Maribyrnong","11 Maireana St",4,"h",1085000,"SP","Biggin","3/06/2017",4.3,3032,4,2,2,238,221.3,2007,"Maribyrnong",-37.7833,144.89717,"Western Metropolitan",4918
"44","Essendon","76 Ogilvie St",3,"h",960000,"S","Brad","4/03/2017",8,3040,3,1,2,549,106,1950,"Moonee Valley",-37.7479,144.8931,"Western Metropolitan",9264
"523","Altona North","313 Millers Rd",4,"h",805000,"S","Sweeney","22/07/2017",9.4,3025,4,2,5,562,146,1950,"Hobsons Bay",-37.84384,144.84637,"Western Metropolitan",5132
"471","Heidelberg","57 Quinn St",4,"h",1230000,"S","Nelson","17/06/2017",8.9,3084,4,1,2,630,237,1950,"Banyule",-37.74863,145.07202,"Eastern Metropolitan",2890
"460","Moonee Ponds","26 Scotia St",2,"h",760000,"PI","Barry","3/06/2017",6.2,3039,2,1,0,251,110,1980,"Moonee Valley",-37.76856,144.90577,"Western Metropolitan",6232
"198","Newport","3 River St",3,"h",1210000,"SP","Williams","6/08/2016",8.4,3015,3,1,1,546,144,1920,"Hobsons Bay",-37.8414,144.892,"Western Metropolitan",5498
"102","Footscray","1a Leander St",2,"h",716000,"S","Ray","30/07/2016",6.4,3011,2,1,2,274,275,2000,"Maribyrnong",-37.7939,144.8846,"Western Metropolitan",7570
"411","Moonee Ponds","75 Bowen St",2,"h",1040000,"S","Nelson","8/04/2017",6.9,3039,2,1,2,313,95,1920,"Moonee Valley",-37.7663,144.9098,"Western Metropolitan",6232
"225","Newport","12 Severn St",2,"h",816000,"S","RT","27/11/2016",8.4,3015,2,1,1,315,104,1930,"Hobsons Bay",-37.8465,144.8714,"Western Metropolitan",5498
"409","Maidstone","12 Winston St",3,"h",930000,"SP","Biggin","29/04/2017",9.2,3012,3,1,2,660,88,1955,"Maribyrnong",-37.7851,144.8654,"Western Metropolitan",3873
"269","Strathmore","25 Hayes Rd",5,"h",1440000,"S","Barry","12/06/2016",9.7,3041,5,3,2,617,347,1990,"Moonee Valley",-37.7386,144.917,"Western Metropolitan",3284
"450","Heidelberg West","1 Bardia St",3,"h",726500,"S","William","1/07/2017",8.8,3081,3,1,0,593,95,1950,"Banyule",-37.7482,145.04073,"Eastern Metropolitan",2674
"63","Essendon","38 Alfred Rd",3,"h",1290000,"S","Nelson","28/08/2016",8,3040,3,1,1,618,132,1960,"Moonee Valley",-37.7442,144.9249,"Western Metropolitan",9264
"176","Moonee Ponds","37 Lennox St",3,"h",1160000,"S","Nelson","10/12/2016",6.9,3039,3,1,1,449,133,1910,"Moonee Valley",-37.7674,144.9084,"Western Metropolitan",6232
"485","Heidelberg West","312 Liberty Pde",3,"h",605000,"S","Haughton","27/05/2017",8.8,3081,3,1,2,377,115.96,1960,"Banyule",-37.73712,145.0369,"Eastern Metropolitan",2674
"477","Braybrook","15 Myalla St",2,"h",570000,"VB","Sweeney","24/06/2017",8.6,3019,2,1,2,567,74,1950,"Maribyrnong",-37.7877,144.84757,"Western Metropolitan",3589
"261","Spotswood","27 The Avenue",3,"h",1016000,"SP","Jas","26/07/2016",7.7,3015,3,1,1,320,134,1940,"Hobsons Bay",-37.8277,144.8841,"Western Metropolitan",1223
"465","West Footscray","22 Hope St",3,"h",1100000,"S","Biggin","3/06/2017",6.4,3012,3,2,3,380,106.4,1945,"Maribyrnong",-37.79194,144.87144,"Western Metropolitan",5058
"263","Spotswood","66 The Avenue",3,"h",1070000,"S","Village","27/11/2016",7.7,3015,2,1,2,526,127,1950,"Hobsons Bay",-37.8267,144.8779,"Western Metropolitan",1223
"382","West Footscray","31 Napoleon St",3,"h",860000,"S","Biggin","26/07/2016",8.2,3012,3,1,2,501,147,1960,"Maribyrnong",-37.7912,144.868,"Western Metropolitan",5058
"240","Seddon","16 Margaret St",3,"h",965000,"S","Jas","16/04/2016",6.6,3011,3,1,0,217,104,1910,"Maribyrnong",-37.8037,144.8874,"Western Metropolitan",2417
"327","Yarraville","20 Grace St",3,"h",1450000,"S","Village","25/02/2017",7,3013,3,2,2,542,211,2016,"Maribyrnong",-37.811,144.8844,"Western Metropolitan",6543
"541","Moonee Ponds","90 Bent St",4,"h",1400000,"PI","Hodges","29/07/2017",6.2,3039,4,2,1,375,200,1930,"Moonee Valley",-37.76261,144.93249,"Western Metropolitan",6232
"72","Footscray","58 Wolverhampton St",4,"h",977000,"S","Village","3/12/2016",6.4,3011,4,2,1,154,161,2007,"Maribyrnong",-37.7983,144.8911,"Western Metropolitan",7570
"34","Ascot Vale","7 Dalgety Dr",3,"h",995000,"S","Nelson","26/07/2016",5.9,3032,3,2,1,314,177,2010,"Moonee Valley",-37.7778,144.9042,"Western Metropolitan",6567
"352","Kingsville","1/68 Edgar St",2,"h",677200,"SP","Sweeney","3/12/2016",7.8,3012,2,2,1,180,179,2011,"Maribyrnong",-37.8115,144.8763,"Western Metropolitan",1808
"255","Spotswood","47 Hudsons Rd",3,"h",1080000,"S","Jas","10/09/2016",7.7,3015,3,1,2,472,95,1950,"Hobsons Bay",-37.8302,144.8885,"Western Metropolitan",1223
"378","West Footscray","8 Dongola Rd",3,"h",913000,"S","hockingstuart","19/11/2016",8.2,3012,3,1,3,448,96,1925,"Maribyrnong",-37.7911,144.8821,"Western Metropolitan",5058
"374","West Footscray","11 Elphinstone St",3,"h",820000,"S","Sweeney","12/11/2016",8.2,3012,3,1,3,440,131,1950,"Maribyrnong",-37.7937,144.8732,"Western Metropolitan",5058
"491","Viewbank","34 Martins La",3,"h",870000,"S","Miles","27/05/2017",8.9,3084,3,2,2,291,151,2000,"Banyule",-37.73253,145.0873,"Eastern Metropolitan",2698
"243","Seddon","5 Williamstown Rd",2,"h",822500,"SP","Biggin","17/09/2016",6.6,3011,2,2,1,228,111,1930,"Maribyrnong",-37.8034,144.8855,"Western Metropolitan",2417
"218","Newport","60 Speight St",3,"h",891500,"SP","Sweeney","22/08/2016",8.4,3015,3,1,0,344,130,1920,"Hobsons Bay",-37.8424,144.8754,"Western Metropolitan",5498
"286","Williamstown","20 Proctor St",3,"h",1010000,"S","Raine","13/08/2016",8,3016,3,2,2,418,204,1995,"Hobsons Bay",-37.8571,144.8767,"Western Metropolitan",6380
"170","Moonee Ponds","5 Bent St",4,"h",1445000,"S","Nelson","7/05/2016",6.9,3039,3,3,2,384,178,1920,"Moonee Valley",-37.7617,144.9272,"Western Metropolitan",6232
"155","Maribyrnong","2 Murnong St",4,"h",1048700,"SP","Brad","23/04/2016",8.7,3032,3,2,2,452,245,1999,"Maribyrnong",-37.774,144.877,"Western Metropolitan",4918
"207","Newport","115 North Rd",3,"h",1046000,"SP","Sweeney","15/10/2016",8.4,3015,3,2,2,284,125,1890,"Hobsons Bay",-37.8446,144.8861,"Western Metropolitan",5498
"508","Rosanna","7 Pilgrim Ct",5,"h",1170000,"S","Miles","12/08/2017",8.9,3084,5,3,3,694,210,1975,"Banyule",-37.73968,145.07973,"Eastern Metropolitan",3540
"347","Essendon West","22 Emerald St",4,"h",1345000,"S","Nelson","10/12/2016",9.8,3040,4,2,2,740,201,1950,"Moonee Valley",-37.7517,144.8873,"Western Metropolitan",588
"429","Williamstown","8 Jobson St",3,"h",1245000,"S","hockingstuart","6/05/2017",8,3016,3,2,2,292,117,1980,"Hobsons Bay",-37.8575,144.8922,"Western Metropolitan",6380
"393","Bellfield","125 Oriel Rd",3,"h",894000,"S","Ray","8/04/2017",9.5,3081,3,2,3,601,101.51,1950,"Banyule",-37.7524,145.0393,"Eastern Metropolitan",790
"290","Williamstown","118 Hannan St",3,"h",1482500,"S","Sweeney","27/06/2016",8,3016,3,2,1,506,139,1910,"Hobsons Bay",-37.8592,144.888,"Western Metropolitan",6380
"39","Ascot Vale","58 Bloomfield Rd",3,"h",1215000,"S","Stockdale","28/08/2016",5.9,3032,3,1,1,452,175,1960,"Moonee Valley",-37.7762,144.9174,"Western Metropolitan",6567
"161","Maribyrnong","66 Raleigh Rd",3,"h",907000,"S","Raine","27/11/2016",8.7,3032,3,1,2,678,124,1950,"Maribyrnong",-37.769,144.8935,"Western Metropolitan",4918
"49","Essendon","82 Price St",3,"h",1226000,"S","Nelson","10/12/2016",8,3040,3,1,3,533,125,1955,"Moonee Valley",-37.7462,144.8953,"Western Metropolitan",9264
"271","Strathmore","61 Mascoma St",3,"h",1150000,"SP","Nelson","15/10/2016",9.7,3041,3,2,3,696,164,1950,"Moonee Valley",-37.7261,144.9171,"Western Metropolitan",3284
"276","Strathmore","44 Lind St",5,"h",1485000,"S","Rendina","18/06/2016",9.7,3041,5,2,4,502,365,2012,"Moonee Valley",-37.7317,144.9177,"Western Metropolitan",3284
"404","Ivanhoe","47 Waterdale Rd",4,"h",1410000,"S","Barry","6/05/2017",7.9,3079,4,2,1,449,252,1945,"Banyule",-37.777,145.0414,"Eastern Metropolitan",5549
"453","Viewbank","34 Toumlin Gr",3,"h",905000,"SP","Miles","1/07/2017",8.9,3084,3,2,2,331,166,2001,"Banyule",-37.73298,145.08894,"Eastern Metropolitan",2698
"425","West Footscray","10 Neil St",4,"h",970000,"PI","Biggin","8/04/2017",8.2,3012,4,1,2,528,143,1940,"Maribyrnong",-37.7969,144.8647,"Western Metropolitan",5058
"145","Maidstone","13 Burns St",3,"h",865000,"SP","Jas","28/08/2016",9.2,3012,3,1,3,381,121,1940,"Maribyrnong",-37.7874,144.8763,"Western Metropolitan",3873
"76","Footscray","32 Commercial Rd",3,"h",1155000,"S","Burnham","7/11/2016",6.4,3011,3,1,3,585,120,1950,"Maribyrnong",-37.7941,144.8924,"Western Metropolitan",7570
"233","Seddon","58 Station Rd",3,"h",1330000,"S","Sweeney","7/11/2016",6.6,3011,3,3,2,168,187,2012,"Maribyrnong",-37.8066,144.887,"Western Metropolitan",2417
"156","Maribyrnong","33 River St",4,"h",1215000,"S","Raine","24/09/2016",8.7,3032,4,3,4,613,142,1950,"Maribyrnong",-37.7799,144.8879,"Western Metropolitan",4918
"486","Heidelberg West","314 Liberty Pde",3,"h",580000,"S","Haughton","27/05/2017",8.8,3081,3,1,2,429,109,1950,"Banyule",-37.73704,145.03697,"Eastern Metropolitan",2674
"275","Strathmore","45 Loeman St",4,"h",1280000,"VB","Brad","18/03/2017",9.7,3041,4,2,2,689,25,1977,"Moonee Valley",-37.7345,144.9196,"Western Metropolitan",3284
"328","Yarraville","23 Lennox St",3,"h",1430000,"SP","Village","25/02/2017",7,3013,3,3,2,386,172,1940,"Maribyrnong",-37.816,144.8936,"Western Metropolitan",6543
"250","Seddon","18 William St",4,"h",1270000,"S","Jas","28/05/2016",6.6,3011,3,1,1,352,150,1890,"Maribyrnong",-37.8059,144.8899,"Western Metropolitan",2417
"19","Ascot Vale","70 Munro St",3,"h",955000,"S","Brad","14/05/2016",5.9,3032,3,1,1,263,117,1910,"Moonee Valley",-37.7753,144.9116,"Western Metropolitan",6567
"444","Essendon North","10 Cowper St",4,"h",1291000,"S","Barry","8/04/2017",9.4,3041,4,2,2,521,157,1945,"Moonee Valley",-37.7372,144.9022,"Western Metropolitan",1308
"32","Ascot Vale","44 Walter St",3,"h",1381500,"S","Barry","25/02/2017",5.9,3032,3,2,2,416,168,1900,"Moonee Valley",-37.7727,144.9055,"Western Metropolitan",6567
"315","Yarraville","59 Gent St",3,"h",1005000,"S","Sweeney","16/07/2016",7,3013,3,1,1,438,115,1960,"Maribyrnong",-37.8177,144.8711,"Western Metropolitan",6543
"433","Yarraville","29 Wilson St",3,"h",935000,"S","Jas","8/04/2017",7,3013,3,1,0,198,98,1970,"Maribyrnong",-37.8194,144.8914,"Western Metropolitan",6543
"112","Heidelberg West","5 Barce Pl",4,"h",715000,"S","Barry","19/11/2016",9.4,3081,4,2,2,521,196,1990,"Banyule",-37.738,145.0374,"Eastern Metropolitan",2674
"511","Yarraville","33A Severn St",2,"h",780000,"S","Sweeney","12/08/2017",6.3,3013,2,1,1,178,84,2013,"Maribyrnong",-37.81481,144.88013,"Western Metropolitan",6543
"123","Ivanhoe","30 Oriel Rd",3,"h",1220000,"S","Ray","11/02/2017",7.9,3079,3,1,1,687,110,1975,"Banyule",-37.7634,145.0361,"Eastern Metropolitan",5549
"133","Maidstone","19 Norfolk St",2,"h",711000,"S","Jas","3/12/2016",9.2,3012,2,1,0,163,69,1920,"Maribyrnong",-37.789,144.8813,"Western Metropolitan",3873
"27","Ascot Vale","43 Bloomfield Rd",4,"h",1430000,"S","Nelson","22/05/2016",5.9,3032,4,2,0,418,158,1900,"Moonee Valley",-37.7766,144.9187,"Western Metropolitan",6567
"174","Moonee Ponds","1/31 Holberg St",3,"h",832000,"S","Jellis","10/09/2016",6.9,3039,3,2,2,214,111,1997,"Moonee Valley",-37.7709,144.9334,"Western Metropolitan",6232
"561","Moonee Ponds","48 Vine St",4,"h",1200000,"VB","Nelson","16/09/2017",6.2,3039,4,1,1,455,145,1920,"",-37.76913,144.93236,"Western Metropolitan",6232
"506","Maribyrnong","13 Cedar Dr",3,"h",1200000,"SP","Biggin","12/08/2017",4.3,3032,3,2,2,352,204,1997,"Maribyrnong",-37.77413,144.87533,"Western Metropolitan",4918
